x_in,y_in,z_in,x_out,y_out,z_out
0.000000,0.000000,-6.841825,-10.668764
0.957277,0.417528,-5.828465,-10.236537
1.913547,0.837253,-4.816071,-9.802096
2.868885,1.259014,-3.804577,-9.365601
3.823363,1.682650,-2.793912,-8.927216
4.777118,2.108023,-1.783981,-8.487092
5.730195,2.534958,-0.774729,-8.045400
6.682627,2.963268,0.233898,-7.602309
7.634492,3.392789,1.241974,-7.157982
8.585889,3.823362,2.249579,-6.712580
9.536916,4.254829,3.256791,-6.266264
10.487604,4.687000,4.263667,-5.819204
11.438038,5.119709,5.270283,-5.371566
12.388301,5.552787,6.276713,-4.923511
13.338486,5.986073,7.283034,-4.475203
14.288651,6.419386,8.289314,-4.026808
15.238880,6.852558,9.295630,-3.578491
16.189257,7.285421,10.302057,-3.130413
17.139844,7.717799,11.308659,-2.682744
18.090722,8.149522,12.315511,-2.235647
19.041982,8.580427,13.322694,-1.789282
19.993705,9.010346,14.330282,-1.343809
20.945942,9.439100,15.338271,-0.899252
21.898748,9.866514,16.346586,-0.455450
22.852096,10.292768,17.355160,-0.012224
23.805636,10.718648,18.363912,0.430597
24.758984,11.145010,19.372761,0.873187
25.711664,11.572662,20.381643,1.315724
26.663389,12.002494,21.390472,1.758378
27.614041,12.434955,22.399167,2.201321
28.566813,12.862602,23.407647,2.644726
29.528048,13.271063,24.415852,3.088788
30.503208,13.644928,25.423567,3.533931
31.496087,13.967819,26.430487,3.980851
32.506850,14.229710,27.436318,4.430262
33.530874,14.434098,28.440715,4.882849
34.563819,14.586561,29.443369,5.339294
35.602680,14.692973,30.446938,5.794107
36.644996,14.759151,31.460700,6.225249
37.688912,14.790775,32.493805,6.607269
38.733365,14.793340,33.550135,6.919356
39.777552,14.772139,34.624696,7.161945
40.820970,14.732104,35.711842,7.340627
41.863749,14.677891,36.806928,7.460915
42.906086,14.614234,37.906591,7.528113
43.948092,14.545936,39.007979,7.548244
44.990124,14.477802,40.109361,7.528639
46.032564,14.414125,41.209803,7.476941
47.075257,14.355535,42.308825,7.400877
48.118143,14.300982,43.406534,7.308137
49.161219,14.249419,44.503503,7.206315
50.204373,14.199816,45.600351,7.102944
51.247522,14.151141,46.697620,7.004378
52.290744,14.102510,47.795329,6.911144
53.333893,14.053424,48.893386,6.821921
54.376976,14.003434,49.991656,6.735392
55.420002,13.952089,51.090014,6.650242
56.462936,13.898944,52.188415,6.565148
57.505740,13.843553,53.286726,6.478792
58.548416,13.785476,54.384802,6.389848
59.590964,13.724274,55.482507,6.296984
60.633243,13.659525,56.579794,6.198849
61.675196,13.590810,57.676523,6.094245
62.716945,13.517708,58.772845,5.986159
63.760193,13.455244,59.869535,5.882095
64.803688,13.502505,60.967293,5.789816
65.667830,14.054202,62.066425,5.717088
65.998576,15.037327,63.166980,5.671592
65.985948,16.080630,64.268525,5.660806
65.765016,17.104692,65.370030,5.691830
65.282274,18.029429,66.468754,5.771480
64.542303,18.759255,67.562005,5.912066
63.659379,19.317579,68.641911,6.131279
62.719928,19.778264,69.696193,6.448761
61.770808,20.215869,70.706988,6.885050
60.828285,20.665841,71.647488,7.456568
59.891970,21.127444,72.493931,8.161255
58.960311,21.598334,73.237420,8.974527
58.031846,22.075792,73.873083,9.874434
57.105531,22.556708,74.395737,10.844285
56.179392,23.038469,74.801059,11.867807
55.253140,23.522823,75.092503,12.929748
54.340676,24.031388,75.277478,14.015985
53.460008,24.594096,75.365479,15.113321
52.639075,25.239056,75.366884,16.215143
51.910320,25.985587,75.283440,17.314742
51.286065,26.822335,75.099820,18.400988
50.768012,27.728392,74.793896,19.458920
50.353491,28.686552,74.339561,20.462478
50.039989,29.682712,73.722504,21.372518
49.825734,30.704989,72.970423,22.177051
49.709406,31.742789,72.125284,22.883025
49.690477,32.787016,71.218735,23.508315
49.769569,33.828417,70.272095,24.073197
49.948319,34.857130,69.301565,24.596262
50.229235,35.862450,68.319742,25.095360
50.615457,36.832761,67.332549,25.585512
51.105624,37.754280,66.343485,26.070399
51.693943,38.616549,65.353918,26.553390
52.372488,39.410418,64.364830,27.038255
53.130625,40.127475,63.378807,27.527911
53.958907,40.763825,62.397049,28.025622
54.846939,41.314103,61.419418,28.535234
55.785975,41.770927,60.464407,29.089369
56.768648,42.124406,59.603421,29.773930
57.784716,42.363947,58.973585,30.666166
58.820089,42.495601,58.720622,31.742220
59.863549,42.534926,58.889978,32.832440
60.907333,42.499250,59.506001,33.738179
61.947520,42.405774,60.429700,34.329950
62.982976,42.270216,61.494983,34.612067
64.013838,42.103470,62.596752,34.672993
65.040878,41.914279,63.693589,34.585559
66.065281,41.711323,64.782419,34.418284
67.088674,41.503178,65.868487,34.233554
68.112493,41.297357,66.954317,34.047432
69.137089,41.095530,68.039934,33.860039
70.162428,40.897366,69.125341,33.671486
71.188411,40.702546,70.210561,33.481878
72.214951,40.510744,71.295620,33.291320
73.241984,40.321628,72.380534,33.099921
74.269453,40.134867,73.465318,32.907786
75.297291,39.950127,74.549982,32.715023
76.325428,39.767076,75.634558,32.521737
77.353808,39.585379,76.719061,32.328035
78.382375,39.404701,77.803510,32.134021
79.411042,39.224712,78.887918,31.939804
80.439779,39.045073,79.972309,31.745488
81.468550,38.865561,81.056703,31.551180
82.497336,38.686097,82.141117,31.356985
83.526104,38.506615,83.225570,31.163009
84.554856,38.327044,84.310082,30.969358
85.583587,38.147316,85.394670,30.776139
86.612279,37.967361,86.479352,30.583458
87.640918,37.787113,87.564144,30.391402
88.669494,37.606503,88.649036,30.199881
89.697994,37.425461,89.733986,30.008709
90.726403,37.243921,90.818962,29.817694
91.754707,37.061812,91.903932,29.626648
92.782913,36.879064,92.988866,29.435378
93.810990,36.695611,94.073727,29.243696
94.838920,36.511383,95.158479,29.051411
95.866688,36.326314,96.243091,28.858334
96.894313,36.140326,97.327528,28.664273
97.921763,35.953354,98.411754,28.469041
98.949008,35.765331,99.495734,28.272446
99.976031,35.576188,100.579441,28.074347
101.002846,35.385848,101.663155,27.876279
102.029473,35.194497,102.747530,27.681859
103.056208,35.003848,103.833198,27.494837
104.083503,34.816167,104.920724,27.318977
105.111760,34.633723,106.010576,27.158055
106.141232,34.458797,107.102969,27.015863
107.172332,34.293616,108.198116,26.895977
108.205340,34.140395,109.295744,26.801439
109.240464,34.001310,110.395399,26.735224
110.277647,33.878616,111.496514,26.700369
111.318529,33.786321,112.598168,26.699958
112.362544,33.762556,113.699150,26.737074
113.402083,33.850986,114.798018,26.814755
114.418356,34.087276,115.892995,26.935934
115.398928,34.445967,116.981845,27.103617
116.349989,34.879827,118.061856,27.321018
117.284051,35.348379,119.129753,27.591406
118.215540,35.817023,120.181774,27.918006
119.158449,36.266451,121.213536,28.303825
120.038332,36.823108,122.219933,28.751370
120.595898,37.708286,123.195736,29.262664
120.795567,38.728357,124.134681,29.839138
120.739928,39.769548,125.029145,30.482297
120.561907,40.801821,125.870313,31.193673
120.366445,41.827817,126.647696,31.973940
120.138170,42.844229,127.349739,32.822543
119.767180,43.822030,127.964720,33.736490
119.134524,44.646500,128.483033,34.708581
118.218016,45.140870,128.894793,35.730264
117.232651,45.495317,129.188798,36.791603
116.241805,45.823940,129.355204,37.880286
115.244402,46.133042,129.401539,38.980560
114.242090,46.426141,129.345108,40.080880
113.235811,46.705427,129.202347,41.173620
112.226282,46.972816,128.986647,42.253610
111.214224,47.230217,128.703959,43.318257
110.200130,47.479589,128.359100,44.364351
109.184539,47.722872,127.957180,45.389937
108.167957,47.962003,127.503390,46.393859
107.150870,48.198921,126.998749,47.373322
106.133712,48.435571,126.430901,48.317446
105.116949,48.673872,125.785969,49.210126
104.100808,48.914732,125.053025,50.032150
103.085127,49.157557,124.233053,50.767845
102.069733,49.401627,123.335020,51.405986
101.054471,49.646215,122.368327,51.933928
100.039165,49.890599,121.346728,52.344134
99.023635,50.134056,120.292296,52.663962
98.007707,50.375862,119.223881,52.933247
96.991219,50.615292,118.152260,53.189145
95.974004,50.851620,117.080376,53.443347
94.955901,51.084123,116.008222,53.696203
93.936782,51.312070,114.935753,53.948022
92.916676,51.535593,113.863086,54.199080
91.896054,51.756789,112.790336,54.449654
90.875443,51.978033,111.717521,54.700049
89.855363,52.201699,110.644702,54.950555
88.836344,52.430163,109.572046,55.201408
87.818965,52.665790,108.499365,55.452481
86.803845,52.910937,107.426590,55.703296
85.791663,53.167949,106.353645,55.953369
84.783210,53.439135,105.280437,56.202222
83.779337,53.726773,104.206820,56.449387
82.780958,54.033455,103.132720,56.694377
81.793847,54.374250,102.058067,56.936697
80.831996,54.780517,100.982660,57.175878
79.917463,55.281974,99.906366,57.411424
79.076780,55.901870,98.829234,57.642790
78.346212,56.649144,97.751213,57.869441
77.782518,57.526872,96.672601,58.092830
77.459358,58.516533,95.595031,58.320590
77.357420,59.555840,94.520350,58.561450
77.395520,60.601331,93.450406,58.823764
77.561044,61.631708,92.387370,59.115155
77.935034,62.604113,91.332552,59.442610
78.522906,63.466925,90.345430,59.930060
79.235226,64.231956,89.994969,60.959179
80.020136,64.920214,90.612235,61.854519
80.856156,65.546039,91.483727,62.529934
81.725275,66.125309,92.411453,63.123319
82.616120,66.669978,93.380443,63.646179
83.524981,67.184082,94.377336,64.114374
84.448727,67.671090,95.390603,64.546566
85.384418,68.134725,96.410567,64.962760
86.329509,68.578972,97.429795,65.380941
87.281687,69.007933,98.446677,65.804888
88.238797,69.425757,99.461631,66.233373
89.198874,69.836652,100.475142,66.665200
90.160120,70.244855,101.487743,67.099205
91.121263,70.653242,102.499809,67.534371
92.082199,71.062110,103.511482,67.970422
93.042943,71.471455,104.522844,68.407271
94.003488,71.881261,105.533904,68.844796
94.963837,72.291516,106.544709,69.282891
95.923995,72.702211,107.555307,69.721452
96.883974,73.113339,108.565755,70.160380
97.843774,73.524887,109.576093,70.599563
98.803395,73.936843,110.586362,71.038895
99.762844,74.349197,111.596613,71.478273
100.722126,74.761940,112.606892,71.917588
101.681249,75.175063,113.617239,72.356734
102.640212,75.588552,114.627707,72.795606
103.599019,76.002398,115.638345,73.234101
104.557676,76.416590,116.649195,73.672129
105.516192,76.831119,117.660214,74.109719
106.474565,77.245973,118.671381,74.546986
107.432801,77.661142,119.682647,74.984034
108.390904,78.076615,120.693965,75.420968
109.348881,78.492383,121.705282,75.857890
110.306735,78.908434,122.716559,76.294908
111.264471,79.324757,123.727750,76.732128
112.222092,79.741343,124.738807,77.169653
113.179603,80.158181,125.749685,77.607590
114.137009,80.575260,126.760345,78.046046
115.094315,80.992570,127.770731,78.485124
116.051525,81.410101,128.780797,78.924927
117.008645,81.827841,129.790493,79.365561
117.965674,82.245780,130.799799,79.807142
118.922623,82.663907,131.808641,80.249765
119.879494,83.082213,132.816970,80.693535
120.836294,83.500688,133.824735,81.138556
121.793021,83.919318,134.831919,81.584948
122.749685,84.338095,135.838454,82.032810
123.706290,84.757009,136.844273,82.482239
124.662842,85.176049,137.849886,82.932056
125.619343,85.595203,138.857749,83.376811
126.575794,86.014461,139.870506,83.810094
127.532206,86.433813,140.890710,84.225542
128.488585,86.853249,141.920550,84.616795
129.444961,87.272695,142.961728,84.977574
130.401398,87.691994,144.024022,85.270613
131.357971,88.110985,145.130898,85.218517
132.314750,88.529506,145.883235,84.466621
133.271802,88.947394,145.907737,83.365322
134.229205,89.364490,145.555729,82.317742
135.187026,89.780631,145.109904,81.311185
136.145328,90.195650,144.619772,80.327593
137.104180,90.609384,144.087479,79.362999
138.063659,91.021674,143.527916,78.414016
139.023838,91.432356,142.955802,77.472253
139.984769,91.841259,142.384486,76.530182
140.946515,92.248215,141.818137,75.585346
141.909148,92.653061,141.254924,74.638580
142.872758,93.055640,140.692998,73.690974
143.838532,93.452908,140.130558,72.743726
144.811915,93.830980,139.565722,71.797916
145.798539,94.173296,138.996616,70.854640
146.800405,94.467893,138.421450,69.915097
147.816302,94.709957,137.839626,68.979612
148.844103,94.894797,137.253342,68.046885
149.881080,95.017412,136.665131,67.115362
150.923935,95.072609,136.077519,66.183490
151.968157,95.048667,135.492994,65.249670
153.003970,94.919783,134.914087,64.312362
154.014287,94.659191,134.343360,63.370070
154.973946,94.246540,133.783407,62.421334
155.833873,93.652734,133.236886,61.464793
156.473750,92.834461,132.707733,60.498187
156.834055,91.852576,132.220188,59.510336
156.987856,90.820903,131.815873,58.486177
156.974582,89.777689,131.538222,57.421154
156.828570,88.743983,131.392984,56.328977
156.584936,87.727889,131.354635,55.227172
156.274422,86.730499,131.402376,54.126838
155.915714,85.749844,131.533739,53.033076
155.515931,84.785111,131.752317,51.953548
155.081864,83.835395,132.060541,50.896336
154.620193,82.898738,132.459341,49.869555
154.137510,81.972679,132.934611,48.875638
153.640221,81.054399,133.444816,47.898864
153.132597,80.141778,133.947946,46.918416
152.616025,79.234168,134.427255,45.926735
152.091650,78.331024,134.920976,44.942261
151.560634,77.431827,135.473608,43.990280
151.024048,76.535920,136.123804,43.100695
150.482989,75.642692,136.887608,42.306046
149.938538,74.751521,137.768403,41.645881
149.391775,73.861780,138.756611,41.161374
148.843752,72.972808,139.809817,40.837322
148.295531,72.083959,140.892427,40.633639
147.748176,71.194588,141.988842,40.529782
147.202744,70.304038,143.090255,40.515451
146.660289,69.411635,144.189963,40.579665
146.121915,68.516784,145.283854,40.711613
145.588180,67.619204,146.369168,40.901151
145.057135,66.720021,147.444427,41.139909
144.526132,65.820809,148.509397,41.421738
143.992532,64.923150,149.563889,41.740407
143.453691,64.028610,150.608673,42.089765
142.907008,63.138784,151.644964,42.463748
142.350044,62.255478,152.674264,42.856405
141.780332,61.380355,153.698561,43.262025
141.201740,60.510395,154.719324,43.676382
140.653233,59.621826,155.737059,44.098130
140.188603,58.687440,156.752132,44.526249
139.863364,57.695047,157.764930,44.959724
139.708066,56.661919,158.775857,45.397548
139.748780,55.619381,159.785329,45.838719
140.001928,54.607721,160.793771,46.282240
140.420897,53.652392,161.801617,46.727117
140.949112,52.750646,162.809303,47.172359
141.547851,51.893631,163.817222,47.617059
142.228245,51.102376,164.825487,48.060968
143.019844,50.423017,165.834087,48.504134
143.931304,49.918254,166.842993,48.946598
144.927212,49.603837,167.852184,49.388406
145.961376,49.451709,168.861641,49.829603
147.005623,49.437653,169.871346,50.270237
148.044281,49.542737,170.881278,50.710353
149.068685,49.743860,171.891416,51.149995
150.077020,50.015786,172.901738,51.589210
151.071626,50.334293,173.912227,52.028043
152.055287,50.684842,174.922862,52.466540
153.029369,51.061209,175.933622,52.904747
153.995543,51.457582,176.944489,53.342711
154.955764,51.868271,177.955443,53.780476
155.912144,52.287688,178.966459,54.218088
156.867097,52.710412,179.977522,54.655594
157.822582,53.131876,180.988613,55.093040
158.778970,53.551269,181.999712,55.530471
159.736187,53.968782,183.010795,55.967933
160.694149,54.384596,184.021842,56.405470
161.652763,54.798893,185.032839,56.843131
162.611947,55.211857,186.043766,57.280963
163.571624,55.623676,187.054599,57.719007
164.531719,56.034540,188.065316,58.157308
165.492142,56.444629,189.075914,58.595893
166.452812,56.854131,190.086385,59.034775
167.413650,57.263232,191.096722,59.473965
168.374585,57.672124,192.106918,59.913477
169.335529,58.080991,193.116968,60.353325
170.296402,58.490019,194.126866,60.793520
171.257125,58.899395,195.136603,61.234077
172.217621,59.309310,196.146181,61.675011
173.177808,59.719949,197.155592,62.116335
174.137605,60.131499,198.164822,62.558059
175.096928,60.544146,199.173865,63.000196
176.055700,60.958076,200.182722,63.442763
177.013899,61.373330,201.191398,63.885779
177.971611,61.789704,202.199866,64.329248
178.928936,62.206969,203.208119,64.773183
179.885975,62.624897,204.216149,65.217597
180.842819,63.043257,205.223993,65.662523
181.799574,63.461822,206.231601,66.107956
182.756341,63.880366,207.238964,66.553908
183.713222,64.298660,208.245570,67.001494
184.670306,64.716474,209.244003,67.466432
185.627695,65.133579,210.221760,67.973816
186.585495,65.549751,211.168134,68.538373
187.543805,65.964763,212.073827,69.165623
188.502714,66.378383,212.928124,69.860996
189.462309,66.790378,213.717847,70.629141
190.422700,67.200528,214.428287,71.470897
191.383982,67.608605,215.045645,72.382823
192.346249,68.014380,215.555623,73.358933
193.309495,68.417778,215.952313,74.385961
194.273329,68.819809,216.245783,75.447622
195.237145,69.221884,216.448162,76.530825
196.200334,69.625415,216.571047,77.625862
197.162329,70.031835,216.624814,78.726617
198.122512,70.442563,216.615959,79.828414
199.080207,70.859002,216.542440,80.927349
200.034735,71.282561,216.400933,82.019449
200.985431,71.714668,216.188838,83.100217
201.931600,72.156752,215.904736,84.164120
202.872351,72.610160,215.548498,85.206482
203.804149,73.081672,215.123167,86.222950
204.700449,73.616875,214.632769,87.209578
205.516007,74.267989,214.080801,88.162830
206.221090,75.041484,213.469993,89.079689
206.796342,75.911398,212.802955,89.956512
207.232255,76.858769,212.082021,90.789440
207.528917,77.859026,211.309087,91.574544
207.695017,78.889623,210.486212,92.307186
207.735898,79.933716,209.615636,92.982200
207.644392,80.974076,208.699800,93.594016
207.408675,81.991012,207.742232,94.138290
207.015912,82.958021,206.748839,94.614203
206.470967,83.848224,205.725680,95.022180
205.797408,84.646077,204.678225,95.363374
205.017448,85.340177,203.611667,95.639300
204.149782,85.920656,202.530863,95.851709
203.216526,86.387521,201.439623,96.002556
202.239516,86.756109,200.341677,96.093552
201.235669,87.045592,199.240424,96.125263
200.216774,87.275675,198.139130,96.097551
199.188878,87.463283,197.040929,96.010094
198.153025,87.596313,195.949224,95.862417
197.110492,87.642233,194.867565,95.653926
196.069888,87.566800,193.799553,95.383909
195.049159,87.349533,192.749168,95.051641
194.060966,87.010714,191.720882,94.656524
193.111017,86.575523,190.719236,94.198238
192.204247,86.058342,189.747799,93.678870
191.350981,85.456293,188.809169,93.102360
190.567034,84.767336,187.905364,92.472590
189.861913,83.997457,187.038064,91.793310
189.210687,83.180531,186.208713,91.068108
188.575464,82.351402,185.418644,90.300430
187.939320,81.523204,184.668861,89.493379
187.302655,80.695525,183.956535,88.653079
186.666293,79.867592,183.271654,87.790098
186.031135,79.038721,182.602895,86.914550
185.398130,78.208315,181.938372,86.035664
184.767793,77.375602,181.266187,85.162739
184.139620,76.541186,180.578471,84.302357
183.512519,75.706072,179.879023,83.451355
182.885162,74.870938,179.174123,82.604878
182.256482,74.036844,178.469925,81.757843
181.624453,73.205859,177.772443,80.905113
180.980691,72.383769,177.087654,80.041796
180.315996,71.578997,176.422204,79.164397
179.621300,70.799101,175.771362,78.272967
178.889144,70.053870,175.069618,77.422896
178.112742,69.355446,174.227794,76.717959
177.285678,68.717967,173.211879,76.294915
176.404003,68.158806,172.114708,76.262289
175.467733,67.697280,171.081374,76.647019
174.484397,67.345683,170.148074,77.228902
173.467563,67.108203,169.376996,78.014097
172.430056,66.989205,168.938261,79.022107
171.385993,66.994168,168.942677,80.118282
170.350569,67.125005,169.279051,81.170106
169.335031,67.368612,169.823917,82.126042
168.347668,67.707372,170.490738,83.002540
167.390624,68.125511,171.200791,83.845159
166.464717,68.609214,171.913944,84.684851
165.572495,69.151725,172.628099,85.523694
164.721838,69.757481,173.343143,86.361770
163.923974,70.431339,174.058974,87.199175
163.192775,71.176331,174.775485,88.036001
162.541904,71.992527,175.492568,88.872338
161.977634,72.871038,176.210116,89.708274
161.501856,73.800256,176.928023,90.543902
161.115090,74.770136,177.646183,91.379314
160.817640,75.771225,178.364489,92.214599
160.609755,76.794747,179.082834,93.049848
160.491851,77.832168,179.801116,93.885158
160.464589,78.876419,180.519226,94.720614
160.537274,79.918878,181.237054,95.556308
160.738263,80.942740,181.954495,96.392329
161.099694,81.921087,182.671451,97.228779
161.606849,82.832633,183.387808,98.065742
162.204946,83.689006,184.103456,98.903305
162.846194,84.514267,184.818287,99.741557
163.495472,85.332347,185.532247,100.580556
164.145678,86.149592,186.245602,101.420071
164.796865,86.966015,186.958745,102.259759
165.449063,87.781594,187.672084,103.099287
166.102308,88.596313,188.386016,103.938316
166.756687,89.410222,189.100925,104.776487
167.412161,90.223215,189.817225,105.613478
168.068761,91.035271,190.535312,106.448954
168.726517,91.846371,191.255583,107.282578
169.385488,92.656529,191.978370,108.113943
170.045680,93.465696,192.704097,108.942753
170.707108,94.273833,193.433149,109.768673
171.369801,95.080921,194.164928,110.592264
172.033796,95.886949,194.892134,111.419888
172.699119,96.691895,195.604622,112.260244
173.365784,97.495719,196.291542,113.121443
174.033818,98.298404,196.941336,114.010853
174.703249,99.099928,197.541225,114.934912
175.374094,99.900263,198.074073,115.899352
176.046381,100.699387,198.518662,116.906945
176.720135,101.497282,198.851768,117.956270
177.395382,102.293929,199.055024,119.039112
178.072119,103.089277,199.128892,120.137784
178.750385,103.883322,199.078364,121.238205
179.430208,104.676052,198.907021,122.326527
180.111613,105.467447,198.617118,123.389245
180.794478,106.257564,198.209572,124.412651
181.478040,107.047067,197.684675,125.381192
182.161316,107.836836,197.043542,126.276530
182.843299,108.627723,196.289823,127.079447
183.522981,109.420578,195.435482,127.774482
184.199364,110.216266,194.495110,128.348114
184.871415,111.015611,193.484528,128.785666
185.538084,111.819432,192.421531,129.072261
186.198308,112.628531,191.328362,129.206828
186.851036,113.443737,190.227443,129.211936
187.495266,114.265952,189.130022,129.112528
188.106943,115.113281,188.042791,128.930466
188.556345,116.052445,186.969220,128.683978
188.692275,117.087943,185.909292,128.384028
188.406401,118.088427,184.863171,128.038689
187.713602,118.869029,183.830059,127.656501
186.766447,119.293656,182.807819,127.246006
185.728347,119.416322,181.793686,126.815712
184.689086,119.314303,180.784470,126.374024
183.699954,118.984302,179.776753,125.928871
182.733892,118.586900,178.769051,125.483640
181.769395,118.186463,177.761341,125.038403
180.806056,117.783298,176.753678,124.593174
179.843774,117.377602,175.746009,124.147918
178.882472,116.969577,174.738340,123.702627
177.922069,116.559426,173.730679,123.257295
176.962496,116.147358,172.723061,122.811928
176.003666,115.733571,171.715467,122.366504
175.045488,115.318263,170.707892,121.921013
174.087881,114.901634,169.700342,121.475447
173.130764,114.483886,168.692836,121.029803
172.174052,114.065219,167.685376,120.584071
171.217654,113.645828,166.677954,120.138239
170.261487,113.225913,165.670576,119.692297
169.305464,112.805674,164.663251,119.246239
168.349506,112.385280,163.655985,118.800059
167.393597,111.964777,162.648776,118.353744
166.437734,111.544174,161.641630,117.907286
165.481914,111.123475,160.634554,117.460678
164.526131,110.702685,159.627544,117.013908
163.570385,110.281813,158.620610,116.566972
162.614673,109.860865,157.613751,116.119874
161.658993,109.439847,156.606963,115.672623
160.703341,109.018764,155.600237,115.225225
159.747713,108.597624,154.593568,114.777690
158.792108,108.176433,153.586958,114.330027
157.836523,107.755198,152.580404,113.882246
156.880955,107.333925,151.573901,113.434355
155.925400,106.912619,150.567436,112.986360
154.969857,106.491287,149.561015,112.538272
154.014322,106.069937,148.554634,112.090100
153.058794,105.648574,147.548288,111.641854
152.103267,105.227205,146.541968,111.193539
151.147741,104.805835,145.535674,110.745165
150.192212,104.384472,144.529404,110.296743
149.236678,103.963122,143.523153,109.848280
148.281135,103.541791,142.516916,109.399785
147.325580,103.120486,141.510687,108.951265
146.370012,102.699212,140.504465,108.502732
145.414426,102.277977,139.498248,108.054192
144.458821,101.856786,138.492029,107.605656
143.503194,101.435647,137.485803,107.157131
142.547541,101.014565,136.479569,106.708626
141.591860,100.593547,135.473323,106.260150
140.636148,100.172599,134.467060,105.811712
139.680402,99.751728,133.460775,105.363321
138.724620,99.330940,132.454466,104.914984
137.768798,98.910241,131.448129,104.466712
136.812934,98.489638,130.441759,104.018513
135.857025,98.069137,129.435353,103.570394
134.901069,97.648746,128.428907,103.122367
133.945062,97.228468,127.422417,102.674438
132.989002,96.808312,126.415878,102.226617
132.032884,96.388284,125.409288,101.778912
131.076710,95.968390,124.402643,101.331333
130.120473,95.548637,123.395938,100.883888
129.164171,95.129030,122.389169,100.436585
128.207802,94.709574,121.382331,99.989433
127.251373,94.290260,120.375426,99.542442
126.294888,93.871071,119.368445,99.095620
125.338356,93.451990,118.361384,98.648975
124.381783,93.033000,117.354238,98.202516
123.425178,92.614086,116.347009,97.756253
122.468548,92.195229,115.339691,97.310194
121.511900,91.776413,114.332276,96.864347
120.555241,91.357621,113.324763,96.418721
119.598578,90.938838,112.317147,95.973325
118.641920,90.520045,111.309431,95.528169
117.685272,90.101227,110.301603,95.083260
116.728644,89.682366,109.293663,94.638597
115.772041,89.263447,108.285633,94.194136
114.815471,88.844451,107.277544,93.749821
113.858942,88.425363,106.269417,93.305590
112.902460,88.006166,105.261276,92.861386
111.946035,87.586843,104.253149,92.417149
110.989671,87.167377,103.245063,91.972822
110.033377,86.747752,102.237043,91.528345
109.077161,86.327951,101.229115,91.083659
108.121029,85.907957,100.221305,90.638707
107.164990,85.487754,99.213639,90.193429
106.209049,85.067324,98.206141,89.747766
105.253215,84.646651,97.198840,89.301660
104.297497,84.225719,96.191763,88.855054
103.341900,83.804511,95.184936,88.407888
102.386431,83.383010,94.178378,87.960101
101.431099,82.961199,93.172124,87.511638
100.475912,82.539062,92.166200,87.062439
99.520877,82.116582,91.160633,86.612447
98.566000,81.693742,90.155445,86.161601
97.611289,81.270525,89.150663,85.709842
96.656754,80.846916,88.146322,85.257114
95.702401,80.422898,87.142448,84.803360
94.748238,79.998453,86.139064,84.348518
93.794269,79.573564,85.136194,83.892528
92.840507,79.148216,84.133875,83.435336
91.886958,78.722392,83.132138,82.976883
90.933632,78.296076,82.131009,82.517113
89.980528,77.869248,81.130501,82.055957
89.027662,77.441894,80.130659,81.593367
88.075041,77.013999,79.132378,81.127423
87.122673,76.585544,78.140031,80.649027
86.170562,76.156512,77.158937,80.147994
85.218717,75.726887,76.191618,79.620850
84.267149,75.296653,75.238338,79.068673
83.315866,74.865794,74.299267,78.492610
82.365354,74.433244,73.374558,77.893794
81.418989,73.991770,72.464280,77.273292
80.481425,73.532016,71.568426,76.632102
79.557731,73.044926,70.687009,75.971206
78.652502,72.523950,69.820011,75.291540
77.768312,71.968125,68.967306,74.593920
76.907254,71.376986,68.128890,73.879227
76.071804,70.750612,67.304291,73.148763
75.260410,70.093423,66.491766,72.404877
74.468603,69.412590,65.689319,71.650083
73.691379,68.715137,64.894889,70.886863
72.923200,68.007680,64.106293,70.117602
72.159125,67.295771,63.321310,69.344624
71.397879,66.580860,62.538424,68.569536
70.639250,65.863201,61.757299,67.792697
69.882998,65.143017,60.977688,67.014319
69.128909,64.420554,60.199369,66.234636
68.376768,63.696057,59.422122,65.453882
67.626376,62.969783,58.645734,64.672300
66.877487,62.241946,57.869959,63.890097
66.129883,61.512781,57.094576,63.107503
65.383345,60.782524,56.319359,62.324748
64.637651,60.051410,55.544077,61.542052
63.892574,59.319664,54.768504,60.759641
63.147892,58.587518,53.992418,59.977746
62.403384,57.855204,53.215596,59.196596
61.658817,57.122944,52.437924,58.416286
60.913959,56.390961,51.659485,57.636726
60.168636,55.659471,50.880399,56.857825
59.422835,54.928481,50.100770,56.079475
58.676610,54.197929,49.320700,55.301567
57.930002,53.467738,48.540288,54.523989
57.183089,52.737870,47.759648,53.746644
56.435928,52.008264,46.978886,52.969425
55.688575,51.278860,46.198106,52.192225
54.941079,50.549588,45.417412,51.414936
54.193507,49.820398,44.636912,50.637454
53.445916,49.091229,43.856711,49.859672
52.698364,48.362021,43.076912,49.081481
51.950907,47.632714,42.297626,48.302781
51.203606,46.903250,41.518961,47.523468
50.456518,46.173567,40.741016,46.743430
49.709698,45.443605,39.963895,45.962562
48.963206,44.713305,39.187709,45.180761
48.217109,43.982617,38.412579,44.397942
47.471455,43.251472,37.638593,43.613980
46.726300,42.519808,36.865857,42.828773
45.981701,41.787567,36.094474,42.042217
45.237739,41.054712,35.324587,41.254247
44.494453,40.321166,34.556275,40.464734
43.751897,39.586867,33.789639,39.673573
43.010127,38.851757,33.024772,38.880676
42.269223,38.115799,32.260364,38.087318
41.529239,37.378933,31.492424,37.297334
40.790216,36.641084,30.716753,36.514979
40.052210,35.902197,29.929231,35.744666
39.315288,35.162224,29.125826,34.990987
38.579355,34.421289,28.302672,34.258780
37.842974,33.680758,27.456527,33.553454
37.104161,32.942670,26.584432,32.880515
36.360937,32.209089,25.684016,32.245642
35.611232,31.482015,24.753560,31.655771
34.853164,30.763674,23.790333,31.120886
34.084879,30.056355,22.792990,30.653190
33.304564,29.362420,21.761859,30.266166
32.510415,28.684278,20.700075,29.974088
31.700877,28.024564,19.614268,29.788893
30.874590,27.386044,18.515136,29.712165
30.030302,26.771501,17.413873,29.743189
29.167081,26.183835,16.321291,29.882788
28.284477,25.626073,15.248169,30.130558
27.381820,25.100848,14.199271,30.466187
26.459273,24.611178,13.170504,30.860480
25.517223,24.160394,12.153866,31.285455
24.555978,23.752067,11.140031,31.716560
23.576308,23.390238,10.125881,32.146897
22.579428,23.079302,9.112145,32.578174
21.566997,22.823895,8.099590,33.012169
20.541188,22.628784,7.088952,33.450678
19.505168,22.498724,6.081054,33.895467
18.462786,22.436272,5.076756,34.348271
17.418490,22.440508,4.076316,34.809506
16.376530,22.510196,3.078940,35.277356
15.340890,22.644203,2.083722,35.749789
14.315403,22.841547,1.089726,36.224783
13.303976,23.101384,0.095986,36.700328
12.310522,23.422871,-0.898462,37.174419
11.336206,23.798397,-1.894523,37.645023
10.376713,24.210581,-2.893161,38.110143
9.425560,24.641954,-3.895277,38.567760
8.475478,25.075559,-4.901729,39.015850
7.520922,25.499135,-5.913212,39.452336
6.562296,25.913416,-6.931497,39.873382
5.601039,26.321509,-7.961860,40.263701
4.638506,26.726575,-9.009733,40.602980
3.676029,27.131795,-10.078313,40.869480
2.714968,27.540336,-11.165760,41.042914
1.756694,27.955359,-12.264211,41.124323
0.802621,28.379992,-13.366038,41.125906
-0.145773,28.817275,-14.465931,41.059641
-1.088216,29.267068,-15.560959,40.936615
-2.027466,29.723647,-16.649360,40.765605
-2.966512,30.180661,-17.728715,40.545839
-3.908347,30.631762,-18.795726,40.272782
-4.856024,31.070587,-19.846454,39.942202
-5.812211,31.490520,-20.875926,39.550627
-6.779194,31.884719,-21.879482,39.096062
-7.758858,32.246177,-22.852264,38.578912
-8.752313,32.567732,-23.789319,37.999677
-9.759839,32.842260,-24.685328,37.358822
-10.781102,33.061691,-25.534405,36.657093
-11.814004,33.215739,-26.332379,35.897733
-12.855111,33.292868,-27.079671,35.088250
-13.899333,33.280555,-27.777873,34.236204
-14.936806,33.166284,-28.429521,33.347839
-15.956610,32.942752,-29.037200,32.428799
-16.949414,32.618191,-29.603068,31.483772
-17.907906,32.204454,-30.126925,30.514634
-18.828554,31.711537,-30.607278,29.523240
-19.708101,31.148140,-31.042833,28.511440
-20.543419,30.521451,-31.432480,27.481067
-21.330825,29.835642,-31.775208,26.434156
-22.065826,29.093634,-32.070153,25.372893
-22.743218,28.298875,-32.316695,24.299295
-23.357794,27.454804,-32.514346,23.215428
-23.904119,26.565144,-32.661722,22.123512
-24.376646,25.633887,-32.755912,21.025823
-24.769373,24.666484,-32.793486,19.924706
-25.076788,23.668715,-32.770583,18.823314
-25.293892,22.647192,-32.683044,17.725370
-25.416455,21.610828,-32.526466,16.634877
-25.443163,20.566936,-32.296900,15.557600
-25.377458,19.524436,-31.997210,14.497745
-25.222617,18.491509,-31.636967,13.456636
-24.980240,17.475628,-31.226121,12.434513
-24.650100,16.484290,-30.774022,11.429983
-24.231337,15.527893,-30.289275,10.440579
-23.734559,14.610330,-29.780015,9.463540
-23.189061,13.719991,-29.253633,8.495802
-22.625208,12.841443,-28.713394,7.535604
-22.057129,11.965051,-28.160112,6.582965
-21.485107,11.091033,-27.594438,5.637681
-20.908734,10.219976,-27.017036,4.699514
-20.327394,9.352224,-26.428581,3.768197
-19.740407,8.488146,-25.829801,2.843508
-19.147239,7.628468,-25.221379,1.925119
-18.547718,6.773870,-24.603995,1.012672
-17.944535,5.921654,-23.978397,0.105887
-17.343118,5.068338,-23.345571,-0.795874
-16.748691,4.210129,-22.707037,-1.693660
-16.166109,3.343250,-22.064390,-2.588500
-15.600292,2.465130,-21.419185,-3.481464
-15.041273,1.581935,-20.772880,-4.373746
-14.440745,0.726226,-20.127075,-5.266360
-13.746589,-0.052349,-19.483354,-6.160372
-12.937715,-0.710705,-18.842396,-7.056170
-12.038519,-1.240196,-18.198725,-7.949851
-11.075725,-1.643289,-17.544611,-8.835723
-10.070689,-1.927250,-16.872555,-9.708514
-9.040476,-2.099917,-16.151907,-10.544077
-7.998129,-2.167910,-15.285903,-11.221112
-6.954021,-2.135407,-14.290937,-11.688112
-5.918195,-2.007775,-13.223340,-11.962526
-4.895777,-1.797088,-12.124949,-12.065854
-3.889608,-1.517827,-11.025839,-12.005695
-2.900080,-1.184932,-9.944321,-11.799046
-1.924466,-0.812358,-8.889779,-11.482093
-0.959200,-0.413254,-7.858771,-11.093306
0.000000,0.000000,-6.841825,-10.668764
