xi,yi,zi,xo,yo,zo
0.000000000000000000e+00,0.000000000000000000e+00,0.000000000000000000e+00,2.497210046905586067e-02,1.162303131713690796e+01,2.722538849481326295e-02
2.011393060189889503e+00,1.438337588659736321e-01,1.213777692959577473e-04,2.197235948055686006e+00,1.174698705235669394e+01,2.097000697035511507e-02
4.022213450917815791e+00,2.506762876044965060e-01,4.840486944212291217e-04,4.368873429478871806e+00,1.183928048955506185e+01,1.549879043831214886e-02
6.032486788574959569e+00,3.239204539092244151e-01,1.085819201231911146e-03,6.539939270704700824e+00,1.190302622604948901e+01,1.082711468284847101e-02
8.042238689552588582e+00,3.669591254737251118e-01,1.924495715584101331e-03,8.710488197699545410e+00,1.194133885915736748e+01,6.970355488129520438e-03
1.005149477024195193e+01,3.831851699918740195e-01,2.997884663333896197e-03,1.088057493642966556e+01,1.195733298619613372e+01,3.943888638320292017e-03
1.206028064703431291e+01,3.759914551573269592e-01,4.303792470337393893e-03,1.305025421286117115e+01,1.195412320448309096e+01,1.763089917585780597e-03
1.406862193632092328e+01,3.487708486637834948e-01,5.840025562450690613e-03,1.521958075296043411e+01,1.193482411133585330e+01,4.433351100896487651e-04
1.607654425449293711e+01,3.049162182048553715e-01,7.604390365529883206e-03,1.738860928269360429e+01,1.190255030407154457e+01,0.000000000000000000e+00
1.808407321794160438e+01,2.478204314741983827e-01,9.594693305431070685e-03,1.955739452802699319e+01,1.186041638000769183e+01,3.532089212562582745e-04
2.009123444305821593e+01,1.808763561655560848e-01,1.180874080801034599e-02,2.172599121492675067e+01,1.181153693646172975e+01,1.405553026854800859e-03
2.209805354623399154e+01,1.074768599727600055e-01,1.424433929912381248e-02,2.389445406935926641e+01,1.175902657075109481e+01,3.146108329540283407e-03
2.410455614386009415e+01,3.101481058929003373e-02,1.689929520462756310e-02,2.606283781729063165e+01,1.170599988019304405e+01,5.563950842057351596e-03
2.611076785232792119e+01,-4.511692429097833440e-02,1.977141495037769425e-02,2.823119718468710815e+01,1.165557146210510453e+01,8.648156577150659455e-03
2.811671428802854322e+01,-1.175254769745652378e-01,2.285850496223031103e-02,3.039958689751506782e+01,1.161085591380466653e+01,1.238780154756486708e-02
3.012242106735329727e+01,-1.828179797676391383e-01,2.615837166604149597e-02,3.256805882545236841e+01,1.157479221474184605e+01,1.677196176604460812e-02
3.212791363586774196e+01,-2.376932910959881629e-01,2.966882148766735935e-02,3.473662912661846036e+01,1.154812363185621749e+01,2.178971324533455003e-02
3.413321358821089291e+01,-2.809180538015863537e-01,3.338766085296399760e-02,3.690528967016604156e+01,1.153010003358965641e+01,2.743013199817934469e-02
3.613833871097039463e+01,-3.133036729386600161e-01,3.731269618778749325e-02,3.907403186041545240e+01,1.151994270833633394e+01,3.368229403732362487e-02
3.814330662848373521e+01,-3.357486750594151914e-01,4.144173391799395312e-02,4.124284710168713275e+01,1.151687294449055443e+01,4.053527537551206844e-02
4.014813496508824642e+01,-3.491515867161896214e-01,4.577258046943948749e-02,4.341172679830143011e+01,1.152011203044661869e+01,4.797815202548930125e-02
4.215284134512141634e+01,-3.544109344611453549e-01,5.030304226798019279e-02,4.558066235457888382e+01,1.152888125459891988e+01,5.600000000000002892e-02
4.415744339292064780e+01,-3.524252448464004761e-01,5.503092573947212379e-02,4.774964517483967796e+01,1.154240190534145505e+01,6.458989531178881138e-02
4.616195873282332940e+01,-3.440930444242049080e-01,5.995403730977142548e-02,4.991866666340437320e+01,1.155989527106874348e+01,7.373691397360039590e-02
4.816640498916694924e+01,-3.303128597468086292e-01,6.507018340473416651e-02,5.208771822459328149e+01,1.158058264017495986e+01,8.343013199817934933e-02
5.017079978628891013e+01,-3.119832173663295571e-01,7.037717045021647799e-02,5.425679126272688535e+01,1.160368530105445117e+01,9.365862539827038424e-02
5.217516074852654384e+01,-2.900026438351496205e-01,7.587280487207440083e-02,5.642587718212543280e+01,1.162842454210129972e+01,1.044114701866181161e-01
5.417950550021744505e+01,-2.652696657052550089e-01,8.155489309616409388e-02,5.859496738710952712e+01,1.165402165171011717e+01,1.156777423759672296e-01
5.618385166569886024e+01,-2.386828095290274288e-01,8.742124154834161887e-02,6.076405328199945899e+01,1.167969791827498760e+01,1.274465179790623959e-01
5.818821686930836279e+01,-2.111406018586289568e-01,9.346965665446310689e-02,6.293312631249882827e+01,1.170467807735717436e+01,1.397068730086482025e-01
6.019261873538331997e+01,-1.835415692460897474e-01,9.969794484038457805e-02,6.510218129587023839e+01,1.172846771071097649e+01,1.524478834774693203e-01
6.219707488825903141e+01,-1.567842381432979770e-01,1.061039125319622189e-01,6.727121886262344219e+01,1.175105663552855084e+01,1.656586253982704204e-01
6.420159951271818954e+01,-1.316040831778132747e-01,1.126853661550520497e-01,6.944024021889421761e+01,1.177248261787244310e+01,1.793281747837960904e-01
6.620619338506897122e+01,-1.081009508809073066e-01,1.194401121355102291e-01,7.160924657081862676e+01,1.179278342380550981e+01,1.934456076467910568e-01
6.821085401472353738e+01,-8.621982072707290445e-02,1.263659568991928328e-01,7.377823912453246180e+01,1.181199681939007640e+01,2.080000000000000182e-01
7.021557891109368654e+01,-6.590567219093472484e-02,1.334607068719559642e-01,7.594721908617179906e+01,1.183016057068904558e+01,2.229804278561675346e-01
7.222036558359145886e+01,-4.710348474680971925e-02,1.407221684796556849e-01,7.811618766187240226e+01,1.184731244376469661e+01,2.383759672280382769e-01
7.422521154162885182e+01,-2.975823786927861425e-02,1.481481481481481677e-01,8.028514605777027668e+01,1.186349020467984516e+01,2.541756941283569438e-01
7.623011429461789135e+01,-1.381491103257042642e-02,1.557364523032893910e-01,8.245409548000145605e+01,1.187873161949716661e+01,2.703686845698680119e-01
7.823507135197057494e+01,7.815162886022435605e-04,1.634848873709355555e-01,8.462303713470160460e+01,1.189307445427912135e+01,2.869440145653163188e-01
8.024008022309880062e+01,1.408606461996640517e-02,1.713912597769427504e-01,8.679197222800685552e+01,1.190655647508843451e+01,3.038907601274465353e-01
8.224513841741469378e+01,2.615375448702926542e-02,1.794533759471670931e-01,8.896090196605301514e+01,1.191921544798760735e+01,3.211979972690034435e-01
8.425024344433012402e+01,3.703960641516615415e-02,1.876690423074645619e-01,9.112982755497614562e+01,1.193108913903932056e+01,3.388548020027311591e-01
8.625539281325711727e+01,4.679864093019199534e-02,1.960360652836913298e-01,9.329875020091205329e+01,1.194221531430616423e+01,3.568502503413747973e-01
8.826058403360775628e+01,5.548587855748211839e-02,2.045522513017034583e-01,9.546767110999664396e+01,1.195263173985081906e+01,3.751734182976788068e-01
9.026581461479393909e+01,6.315633982258768431e-02,2.132154067873571757e-01,9.763659148836586610e+01,1.196237618173570105e+01,3.938133818843878586e-01
9.227108206622756370e+01,6.986504525101591700e-02,2.220233381665083772e-01,9.980551254215575341e+01,1.197148640602366143e+01,4.127592171142467348e-01
9.427638389732082658e+01,7.566701536840587938e-02,2.309738518650132910e-01,1.019744354775020554e+02,1.198000017877712153e+01,4.320000000000000506e-01
9.628171761748561153e+01,8.061727070022084440e-02,2.400647543087280067e-01,1.041433615005408484e+02,1.198795526605888639e+01,4.515248065543923661e-01
9.828708073613388763e+01,8.477083177209987497e-02,2.492938519235086692e-01,1.063122918174079103e+02,1.199538943393133295e+01,4.713227127901686297e-01
1.002924707626777376e+02,8.818271910941832825e-02,2.586589511352112014e-01,1.084812276342393034e+02,1.200234044845726800e+01,4.913827947200729573e-01
1.022978852065290170e+02,9.090795323794714777e-02,2.681578583696918594e-01,1.106501701571708338e+02,1.200884607569919815e+01,5.116941283568504639e-01
1.043033215770998936e+02,9.300155468301769812e-02,2.777883800528065938e-01,1.128191205923385496e+02,1.201494408171980055e+01,5.322457897132454319e-01
1.063087773838021803e+02,9.451854397026908383e-02,2.875483226104117440e-01,1.149880801458782571e+02,1.202067223258158002e+01,5.530268548020027541e-01
1.083142501360479031e+02,9.551394162525246589e-02,2.974354924683632051e-01,1.171570500239259758e+02,1.202606829434730429e+01,5.740263996358671017e-01
1.103197373432492299e+02,9.604276817347505435e-02,3.074476960525170943e-01,1.193260314326174978e+02,1.203117003307938759e+01,5.952335002275830345e-01
1.123252365148179450e+02,9.616004414053196114e-02,3.175827397887295844e-01,1.214950255780889279e+02,1.203601521484064030e+01,6.166372325898955564e-01
1.143307451601661029e+02,9.592079005184249441e-02,3.278384301028567926e-01,1.236640336664759730e+02,1.204064160569352282e+01,6.382266727355486724e-01
1.163362607887057436e+02,9.538002643308969575e-02,3.382125734207546697e-01,1.258330568339510336e+02,1.204508629061841951e+01,6.599908966772873864e-01
1.183417809098487226e+02,9.459277380969284554e-02,3.487029761682793327e-01,1.280020951156573403e+02,1.204937563630943131e+01,6.819189804278562583e-01
1.203473030330072078e+02,9.361405270737895024e-02,3.593074447712869546e-01,1.301711476705785060e+02,1.205352748023051745e+01,7.040000000000000702e-01
1.223528246675931968e+02,9.249888365152335312e-02,3.700237856556337634e-01,1.323402136334457282e+02,1.205755942374950074e+01,7.262230314064637149e-01
1.243583433230205912e+02,9.130228713048665901e-02,3.808498052471756545e-01,1.345092921389896219e+02,1.206148906823429101e+01,7.485771506599911973e-01
1.263638569372382676e+02,9.007153938323261833e-02,3.917833099717686340e-01,1.366783823219413136e+02,1.206533401505266845e+01,7.710514337733271883e-01
1.283693650763162850e+02,8.882449412128089195e-02,4.028221062552691523e-01,1.388474833170317027e+02,1.206911186557258375e+01,7.936349567592171361e-01
1.303748676929193664e+02,8.757201872786918306e-02,4.139640005235331044e-01,1.410165942589918018e+02,1.207284022116181887e+01,8.163167956304053785e-01
1.323803647397122916e+02,8.632498058614723746e-02,4.252067992024163856e-01,1.431857142825522544e+02,1.207653668318823748e+01,8.390860263996360313e-01
1.343858561693595277e+02,8.509424707922089159e-02,4.365483087177756127e-01,1.453548425224442724e+02,1.208021885301970855e+01,8.619317250796543206e-01
1.363913419345257410e+02,8.389068558997613001e-02,4.479863354954662369e-01,1.475239781133988117e+02,1.208390433202418457e+01,8.848429676832045843e-01
1.383968219878756827e+02,8.272516350165065591e-02,4.595186859613449304e-01,1.496931201901465442e+02,1.208761072156940131e+01,9.078088302230314932e-01
1.404022962820740759e+02,8.160854819730629928e-02,4.711431665412673109e-01,1.518622678874185112e+02,1.209135562302318156e+01,9.308183887118801625e-01
1.424077647697854161e+02,8.055170705991701596e-02,4.828575836610900507e-01,1.540314203399458393e+02,1.209515663775352046e+01,9.538607191624945969e-01
1.444132274036745116e+02,7.956550747280839719e-02,4.946597437466685454e-01,1.562005766824590864e+02,1.209903136712815552e+01,9.769248975876195784e-01
1.464186841364059433e+02,7.866081681882249044e-02,5.065474532238594119e-01,1.583697360496896067e+02,1.210299741251512806e+01,1.000000000000000222e+00
1.484241349206443772e+02,7.784850248119699889e-02,5.185185185185186008e-01,1.605388975763678729e+02,1.210707237528190916e+01,1.023075102412380977e+00
1.504295797090545932e+02,7.713943184299376643e-02,5.305707460565021183e-01,1.627080603972251822e+02,1.211127385679684920e+01,1.046139280837505847e+00
1.524350184543010869e+02,7.654447228723067209e-02,5.427019422636660817e-01,1.648772236469923769e+02,1.211561945842759336e+01,1.069181611288120282e+00
1.544404511090485812e+02,7.607449119705747553e-02,5.549099135658668303e-01,1.670463864604003561e+02,1.212012678154183121e+01,1.092191169776969062e+00
1.564458776259617423e+02,7.574035595549209743e-02,5.671924663889601481e-01,1.692155479721799907e+02,1.212481342750765378e+01,1.115157032316795638e+00
1.584512979577053216e+02,7.555293394577221322e-02,5.795474071588024856e-01,1.713847073170621798e+02,1.212969699769274712e+01,1.138068274920346346e+00
1.604567120569439282e+02,7.552309255082777228e-02,5.919725423012494048e-01,1.735538636297779931e+02,1.213479509346506546e+01,1.160913973600364191e+00
1.624621198763421717e+02,7.566169915385252687e-02,6.044656782421573560e-01,1.757230160450583014e+02,1.214012531619247959e+01,1.183683204369595288e+00
1.644675213685646611e+02,7.597962113777644022e-02,6.170246214073827895e-01,1.778921636976340608e+02,1.214570526724280697e+01,1.206365043240783530e+00
1.664729164862763469e+02,7.648772588596906841e-02,6.296471782227808234e-01,1.800613057222361135e+02,1.215155254798396101e+01,1.228948566226673034e+00
1.684783051821415256e+02,7.719688078122852182e-02,6.423311551142085740e-01,1.822304412535955009e+02,1.215768475978367569e+01,1.251422849340009691e+00
1.704836874088250909e+02,7.811795320670454623e-02,6.550743585075213815e-01,1.843995694264429801e+02,1.216411950400990349e+01,1.273776968593536729e+00
1.724890631189915666e+02,7.926181054563484485e-02,6.678745948285760292e-01,1.865686893755097628e+02,1.217087438203060046e+01,1.296000000000000707e+00
1.744944322653058180e+02,8.063932018094939480e-02,6.807296705032278572e-01,1.887378002355265210e+02,1.217796699521336912e+01,1.318081019572144186e+00
1.764997948004322552e+02,8.226134949575397703e-02,6.936373919573335378e-01,1.909069011412242958e+02,1.218541494492620814e+01,1.340009103322712836e+00
1.785051506770358571e+02,8.413876587324234380e-02,7.065955656167489662e-01,1.930759912273339864e+02,1.219323583253702736e+01,1.361773327264451439e+00
1.805104998477809488e+02,8.628243669638842317e-02,7.196019979073304818e-01,1.952450696285866059e+02,1.220144725941364783e+01,1.383362767410105221e+00
1.825158422653323669e+02,8.870322934834197481e-02,7.326544952549334244e-01,1.974141354797128542e+02,1.221006682692385148e+01,1.404766499772417188e+00
1.845211778823548343e+02,9.141201121216484260e-02,7.457508640854149107e-01,1.995831879154439434e+02,1.221911213643558902e+01,1.425973600364133009e+00
1.865265066515128467e+02,9.441964967091889815e-02,7.588889108246299475e-01,2.017522260705105737e+02,1.222860078931668504e+01,1.446973145197997468e+00
1.885318285254712407e+02,9.773701210784180304e-02,7.720664418984359845e-01,2.039212490796439567e+02,1.223855038693500497e+01,1.467754210286755123e+00
1.905371434568944551e+02,1.013749659056877028e-01,7.852812637326881395e-01,2.060902560775747645e+02,1.224897853065841424e+01,1.488305871643149869e+00
1.925424513984474402e+02,1.053443784478701184e-01,7.985311827532426410e-01,2.082592461990339814e+02,1.225990282185460600e+01,1.508617205279927598e+00
1.945477523027947200e+02,1.096561171174069427e-01,8.118140053859559391e-01,2.104282185787525350e+02,1.227134086189166418e+01,1.528677287209831981e+00
1.965530461226008185e+02,1.143210492971841741e-01,8.251275380566835960e-01,2.125971723514614666e+02,1.228331025213745775e+01,1.548475193445608245e+00
1.985583328105306293e+02,1.193500423705713964e-01,8.384695871912820619e-01,2.147661066518915050e+02,1.229582859395967454e+01,1.568000000000000282e+00
2.005636123192486764e+02,1.247539637204546220e-01,8.518379592156073432e-01,2.169350206147738618e+02,1.230891348872627056e+01,1.587240782885753543e+00
2.025688846014197395e+02,1.305436807299835966e-01,8.652304605555152239e-01,2.191039133748392089e+02,1.232258253780511126e+01,1.606186618115612141e+00
2.045741496097083427e+02,1.367300607823081215e-01,8.786448976368625985e-01,2.212727840668185308e+02,1.233685334256388799e+01,1.624826581702321526e+00
2.065794072967793227e+02,1.433239712604900129e-01,8.920790768855051400e-01,2.234416318254428404e+02,1.235174350437072910e+01,1.643149749658625591e+00
2.085846576152970613e+02,1.503362795474592617e-01,9.055308047272984107e-01,2.256104557854430084e+02,1.236727062459332771e+01,1.661145197997268896e+00
2.105899005179264805e+02,1.577778530264535295e-01,9.189978875880995268e-01,2.277792550815500476e+02,1.238345230459954927e+01,1.678802002730997334e+00
2.125951359573321895e+02,1.656595590805786666e-01,9.324781318937637176e-01,2.299480288484946868e+02,1.240030614575725920e+01,1.696109239872553909e+00
2.146003638861788261e+02,1.739922650928525105e-01,9.459693440701475442e-01,2.321167762210081094e+02,1.241784974943441178e+01,1.713055985434683626e+00
2.166055842571309711e+02,1.827868384463369467e-01,9.594693305431070129e-01,2.342854963845506973e+02,1.243609918011132898e+01,1.729631315430132377e+00
2.186107970228535464e+02,1.920541465242696921e-01,9.729758977384982410e-01,2.364541912081954536e+02,1.245498920062265213e+01,1.745824305871643389e+00
2.206160021360108487e+02,2.018050567095806269e-01,9.864868520821771236e-01,2.386228665257605428e+02,1.247433445943509156e+01,1.761624032771961890e+00
2.226211995492677431e+02,2.120504363853756569e-01,1.000000000000000000e+00,2.407915284903189956e+02,1.249393993301772099e+01,1.777019572143832438e+00
2.246263892152889241e+02,2.228011529347165565e-01,1.013513147917822987e+00,2.429601832549434164e+02,1.251361059783952356e+01,1.791999999999999815e+00
2.266315710867391431e+02,2.340680737409289724e-01,1.027024102261501870e+00,2.451288369727064094e+02,1.253315143036943802e+01,1.806554392353208804e+00
2.286367451162827535e+02,2.458620661867670365e-01,1.040530669456893431e+00,2.472974957966808347e+02,1.255236740707640486e+01,1.820671825216204631e+00
2.306419112565846490e+02,2.581939976555123750e-01,1.054030655929852234e+00,2.494661658799391830e+02,1.257106350442932019e+01,1.834341374601729857e+00
2.326470694603095239e+02,2.710747355302268180e-01,1.067521868106236393e+00,2.516348533755543997e+02,1.258904469889730038e+01,1.847552116522531040e+00
2.346522195787564726e+02,2.845025376818794416e-01,1.081002112411900695e+00,2.538035644365991175e+02,1.260611596694932857e+01,1.860293126991352519e+00
2.366573606696959473e+02,2.983769495899827873e-01,1.094469195272701700e+00,2.559723052161459123e+02,1.262208228505412322e+01,1.872553482020937743e+00
2.386624914170974421e+02,3.125510172017309518e-01,1.107920923114495082e+00,2.581410818672676442e+02,1.263674862968089130e+01,1.884322257624032826e+00
2.406676105027422068e+02,3.268775141921186900e-01,1.121355102363137402e+00,2.603099005430369175e+02,1.264991997729843654e+01,1.895588529813381662e+00
2.426727166084110934e+02,3.412092142361849989e-01,1.134769539444484554e+00,2.624787673965265071e+02,1.266140130437579181e+01,1.906341374601729477e+00
2.446778084158852096e+02,3.553988910088806685e-01,1.148162040784392879e+00,2.646476885808092447e+02,1.267099758738211257e+01,1.916569868001821497e+00
2.466828846069454073e+02,3.692993181852446405e-01,1.161530412808718271e+00,2.668166702489575641e+02,1.267851380278603202e+01,1.926263086026399840e+00
2.486879438633728228e+02,3.827632694403158009e-01,1.174872461943316626e+00,2.689857185540443538e+02,1.268375492705671270e+01,1.935410104688211508e+00
2.506929848669485921e+02,3.956435184491768342e-01,1.188185994614044505e+00,2.711548396491421045e+02,1.268652593666300099e+01,1.943999999999999950e+00
2.526980062994532261e+02,4.077928388866028930e-01,1.201468817246757137e+00,2.733240396873238183e+02,1.268663180807401858e+01,1.952021847974510393e+00
2.547030068426684295e+02,4.190640044278965970e-01,1.214718736267311971e+00,2.754933248216620427e+02,1.268387751775856920e+01,1.959464724624488507e+00
2.567079851783747699e+02,4.293097887478330432e-01,1.227933558101563793e+00,2.776627012052297232e+02,1.267806804218581540e+01,1.966317705962675966e+00
2.587129399883532983e+02,4.383829655214949717e-01,1.241111089175369830e+00,2.798321749910990661e+02,1.266900835782447388e+01,1.972569868001820659e+00
2.607178699543851508e+02,4.461363084240092536e-01,1.254249135914585311e+00,2.820017523323431874e+02,1.265650344114370718e+01,1.978210286754665592e+00
2.627227737582510940e+02,4.524225911301508751e-01,1.267345504745066576e+00,2.841714393820346345e+02,1.264035826861241141e+01,1.983228038233955992e+00
2.647276500817324063e+02,4.570945873151345817e-01,1.280398002092669518e+00,2.863412422932461823e+02,1.262037781669948089e+01,1.987612198452434864e+00
2.667324976066099680e+02,4.600050706538673095e-01,1.293404434383250923e+00,2.885111672190506056e+02,1.259636706187389876e+01,1.991351843422849210e+00
2.687373150146648300e+02,4.610068148214319095e-01,1.306362608042666684e+00,2.906812203125203951e+02,1.256813098060482758e+01,1.994436049157942925e+00
2.707421009876780431e+02,4.599525934928232473e-01,1.319270329496772032e+00,2.928514077267283255e+02,1.253547454936098404e+01,1.996853891670459902e+00
2.727468542074303741e+02,4.566951803428163648e-01,1.332125405171423971e+00,2.950217356147473993e+02,1.249820274461153069e+01,1.998594446973145367e+00
2.747515733557032718e+02,4.510873490468897962e-01,1.344925641492478841e+00,2.971921749617890782e+02,1.245590102404618271e+01,1.999646791078743657e+00
2.767562571142772754e+02,4.429818732796866887e-01,1.357668844885791870e+00,2.993622540755995942e+02,1.240539164013746465e+01,2.000000000000000000e+00
2.787609041649336064e+02,4.322315267163338581e-01,1.370352821777219177e+00,3.015311987240929170e+02,1.234160838319520437e+01,2.000000000000000000e+00
2.807655131894534861e+02,4.186890830319140999e-01,1.382975378592617544e+00,3.036982288140106903e+02,1.225944845792833604e+01,2.000000000000000000e+00
2.827700828696176245e+02,4.022073159012463650e-01,1.395534321757842644e+00,3.058625642520947849e+02,1.215380906904626990e+01,2.000000000000000000e+00
2.847746118872070156e+02,3.826389989995015450e-01,1.408027457698751039e+00,3.080234249450866173e+02,1.201958742125819768e+01,2.000000000000000000e+00
2.867790989240028239e+02,3.598369060016304299e-01,1.420452592841197292e+00,3.101800307997284563e+02,1.185168071927357936e+01,2.000000000000000000e+00
2.887835426617859866e+02,3.336538105826719613e-01,1.432807533611039963e+00,3.123316017227616612e+02,1.164498616780151607e+01,2.000000000000000000e+00
2.907879417823375547e+02,3.039424864175770402e-01,1.445090086434132948e+00,3.144773576209282169e+02,1.139440097155137899e+01,2.000000000000000000e+00
2.927922949674385222e+02,2.705557071813844416e-01,1.457298057736334140e+00,3.166165184009698805e+02,1.109482233523235806e+01,2.000000000000000000e+00
2.947966008988698832e+02,2.333462465491331350e-01,1.469429253943498326e+00,3.187483039696282958e+02,1.074114746355378180e+01,2.000000000000000000e+00
2.968008089109380307e+02,1.916583602668924247e-01,1.481481481481481621e+00,3.208718423166336606e+02,1.032839650290278222e+01,2.000000000000000000e+00
2.988044926265246772e+02,1.409646572114717222e-01,1.493452546776140588e+00,3.229849309509231148e+02,9.853369156439626408e+00,2.000000000000000000e+00
3.008070528696563315e+02,7.495708136151306433e-02,1.505340256253331344e+00,3.250843656490008584e+02,9.314204973601881932e+00,2.000000000000000000e+00
3.028078895503187482e+02,-1.268184235338694343e-02,1.517142416338910449e+00,3.271669176846839946e+02,8.709076276884147205e+00,2.000000000000000000e+00
3.048064025784972841e+02,-1.282695890037635900e-01,1.528856833458732467e+00,3.292293583317891148e+02,8.036155388780798603e+00,2.000000000000000000e+00
3.068019918641776940e+02,-2.781236336599763881e-01,1.540481314038655514e+00,3.312684588641336632e+02,7.293614631786258684e+00,2.000000000000000000e+00
3.087940573173454482e+02,-4.685614513926484870e-01,1.552013664504533930e+00,3.332809905555342880e+02,6.479626328395215573e+00,2.000000000000000000e+00
3.107819988479863582e+02,-7.059005172720075327e-01,1.563451691282224720e+00,3.352637246798081492e+02,5.592362801102133574e+00,2.000000000000000000e+00
3.127652163660856104e+02,-9.964583063687206810e-01,1.574793200797583337e+00,3.372134325107721793e+02,4.629996372401436133e+00,2.000000000000000000e+00
3.147430933809934004e+02,-1.346531636687426703e+00,1.586035999476466785e+00,3.391268853222433108e+02,3.590699364787632408e+00,2.000000000000000000e+00
3.167137006477458954e+02,-1.760763874918209515e+00,1.597177893744730959e+00,3.410008543880385332e+02,2.472644100755101437e+00,2.000000000000000000e+00
3.186728585482126732e+02,-2.240963978881913121e+00,1.608216690028231310e+00,3.428321109819746084e+02,1.274002902798572867e+00,2.000000000000000000e+00
3.206161662891227024e+02,-2.788662330033562231e+00,1.619150194752824623e+00,3.446173722714657401e+02,-6.888025932170254925e-03,2.000000000000000000e+00
3.225392230772055200e+02,-3.405389309828182220e+00,1.629976214344366348e+00,3.463522188739822241e+02,-1.368250032987775588e+00,2.000000000000000000e+00
3.244376281191900944e+02,-4.092675299720885285e+00,1.640692555228712823e+00,3.480311517524447709e+02,-2.805034344732415086e+00,2.000000000000000000e+00
3.263069806218059625e+02,-4.852050681166521606e+00,1.651297023831721056e+00,3.496486291518589269e+02,-4.312062800996655731e+00,2.000000000000000000e+00
3.281428797917824909e+02,-5.685045835620071486e+00,1.661787426579245830e+00,3.511991093172299543e+02,-5.884157241610625810e+00,2.000000000000000000e+00
3.299409248358487616e+02,-6.593191144536515225e+00,1.672161569897143041e+00,3.526770504935627173e+02,-7.516139506404802439e+00,2.000000000000000000e+00
3.316967149607339707e+02,-7.578016989371098688e+00,1.682417260211270360e+00,3.540769109258631602e+02,-9.202831435209665401e+00,2.000000000000000000e+00
3.334058493731676549e+02,-8.641053751578494868e+00,1.692552303947482795e+00,3.553931488591363177e+02,-1.093905486785525660e+01,2.000000000000000000e+00
3.350638866148365764e+02,-9.783350522349861578e+00,1.702564507531636906e+00,3.566202749211587957e+02,-1.271965094445437749e+01,2.000000000000000000e+00
3.366660981284741183e+02,-1.100255843919283727e+01,1.712451677389588589e+00,3.577559736735773299e+02,-1.454063023197081073e+01,2.000000000000000000e+00
3.382076317558135656e+02,-1.229486576253783880e+01,1.722211619947193295e+00,3.588028671650022829e+02,-1.639982250031078337e+01,2.000000000000000000e+00
3.396836348564676200e+02,-1.365645504670048460e+01,1.731842141630308252e+00,3.597640042718767859e+02,-1.829521478287381342e+01,2.000000000000000000e+00
3.410892547900493241e+02,-1.508350884599630248e+01,1.741341048864789132e+00,3.606424338706442541e+02,-2.022479411305937802e+01,2.000000000000000000e+00
3.424196389161718912e+02,-1.657220971474051296e+01,1.750706148076491386e+00,3.614412048377472502e+02,-2.218654752426699872e+01,2.000000000000000000e+00
3.436699345944483639e+02,-1.811874020724890855e+01,1.759935245691271799e+00,3.621633660496294169e+02,-2.417846204989636405e+01,2.000000000000000000e+00
3.448358027125466947e+02,-1.971933054602109081e+01,1.769026148134986931e+00,3.628119663827334875e+02,-2.619852472334686766e+01,2.000000000000000000e+00
3.459173402652339746e+02,-2.137062273470273155e+01,1.777976661833491567e+00,3.633900547135025363e+02,-2.824472257801820518e+01,2.000000000000000000e+00
3.469169142525060465e+02,-2.306946948992122515e+01,1.786784593212642935e+00,3.639006799183798080e+02,-3.031504264730975962e+01,2.000000000000000000e+00
3.478369100174775213e+02,-2.481272523100169280e+01,1.795447748698296486e+00,3.643468908738084338e+02,-3.240747196462109514e+01,2.000000000000000000e+00
3.486797129032628959e+02,-2.659724437726949375e+01,1.803963934716308781e+00,3.647317364562315447e+02,-3.451999756335182212e+01,2.000000000000000000e+00
3.494477082529771224e+02,-2.841988134804979893e+01,1.812330957692535716e+00,3.650582655420922151e+02,-3.665060647690150120e+01,2.000000000000000000e+00
3.501432814097343567e+02,-3.027749056266804573e+01,1.820546624052832740e+00,3.653295270078331214e+02,-3.879728573866965746e+01,2.000000000000000000e+00
3.507688177166494370e+02,-3.216692644044932337e+01,1.828608740223056639e+00,3.655485697298979630e+02,-4.095802238205562418e+01,2.000000000000000000e+00
3.513267025168366331e+02,-3.408504340071903016e+01,1.836515112629064639e+00,3.657184425847294165e+02,-4.313080344045923908e+01,2.000000000000000000e+00
3.518193211534109537e+02,-3.602869586280228731e+01,1.844263547696710415e+00,3.658421944487708402e+02,-4.531361594727992781e+01,2.000000000000000000e+00
3.522490589694865548e+02,-3.799473824602444694e+01,1.851851851851851638e+00,3.659228741984653084e+02,-4.750444693591711598e+01,2.000000000000000000e+00
3.526183013081785020e+02,-3.998002496971064801e+01,1.859277831520343316e+00,3.659635307102557817e+02,-4.970128343977047081e+01,2.000000000000000000e+00
3.529294335126008946e+02,-4.198141045318636344e+01,1.866539293128044008e+00,3.659672128605853345e+02,-5.190211249223963108e+01,2.000000000000000000e+00
3.531848409258686843e+02,-4.399574911577668956e+01,1.873634043100806945e+00,3.659369695258973252e+02,-5.410492112672385900e+01,2.000000000000000000e+00
3.533869088910961409e+02,-4.601989537680701403e+01,1.880559887864489355e+00,3.658758495826343733e+02,-5.630769637662302074e+01,2.000000000000000000e+00
3.535380227513981026e+02,-4.805070365560242607e+01,1.887314633844948020e+00,3.657869019072402352e+02,-5.850842527533624349e+01,2.000000000000000000e+00
3.536405678498890097e+02,-5.008502837148836306e+01,1.893896087468037948e+00,3.656727538998591740e+02,-6.070527498333580496e+01,2.000000000000000000e+00
3.536969295296835298e+02,-5.211972394379004214e+01,1.900302055159615477e+00,3.655336205297047059e+02,-6.289744366597490455e+01,2.000000000000000000e+00
3.537094931338961032e+02,-5.415164479183273016e+01,1.906530343345536505e+00,3.653688599134596302e+02,-6.508449568319096556e+01,2.000000000000000000e+00
3.536805050704061841e+02,-5.617815127036438128e+01,1.912578758451659144e+00,3.651778291443200715e+02,-6.726599583233070234e+01,2.000000000000000000e+00
3.536116429320172188e+02,-5.819867508554771263e+01,1.918445106903836184e+00,3.649598853154832909e+02,-6.944150891074040999e+01,2.000000000000000000e+00
3.535044387627017954e+02,-6.021317796250788490e+01,1.924127195127925738e+00,3.647143855201455267e+02,-7.161059971576678151e+01,2.000000000000000000e+00
3.533604246063661094e+02,-6.222162162661157225e+01,1.929622829549783702e+00,3.644406868515037559e+02,-7.377283304475628256e+01,2.000000000000000000e+00
3.531811325069165264e+02,-6.422396780322520726e+01,1.934929816595266416e+00,3.641381464027543871e+02,-7.592777369505533613e+01,2.000000000000000000e+00
3.529680945082596395e+02,-6.622017821771527224e+01,1.940045962690227999e+00,3.638061212670943405e+02,-7.807498646401054998e+01,2.000000000000000000e+00
3.527228426543015871e+02,-6.821021459544837739e+01,1.944969074260528341e+00,3.634439685377204796e+02,-8.021403614896840395e+01,2.000000000000000000e+00
3.524469089889485076e+02,-7.019403866179101215e+01,1.949696957732019786e+00,3.630510453078292130e+02,-8.234448754727534947e+01,2.000000000000000000e+00
3.521418255561068804e+02,-7.217161214210969433e+01,1.954227419530560006e+00,3.626267086706171199e+02,-8.446590545627790902e+01,2.000000000000000000e+00
3.518091243996832986e+02,-7.414289676177078547e+01,1.958558266082006671e+00,3.621703157192812341e+02,-8.657785467332261931e+01,2.000000000000000000e+00
3.514503375635837870e+02,-7.610785424614101657e+01,1.962687303812212569e+00,3.616812235470179644e+02,-8.867989999575601701e+01,2.000000000000000000e+00
3.510669970917148248e+02,-7.806644632058676336e+01,1.966612339147035815e+00,3.611587892470240604e+02,-9.077160622092466724e+01,2.000000000000000000e+00
3.506606350279829485e+02,-8.001863471047451526e+01,1.970331178512332748e+00,3.606023699124962150e+02,-9.285253814617492196e+01,2.000000000000000000e+00
3.502327834162940121e+02,-8.196438114117087537e+01,1.973841628333958376e+00,3.600113226366312347e+02,-9.492226056885331786e+01,2.000000000000000000e+00
3.497849743005547225e+02,-8.390364733804226205e+01,1.977141495037769481e+00,3.593850045126258692e+02,-9.698033828630643427e+01,2.000000000000000000e+00
3.493184284361254299e+02,-8.583634982367962607e+01,1.980228585049622403e+00,3.587227726336766409e+02,-9.902633609588076524e+01,2.000000000000000000e+00
3.488317659630929484e+02,-8.776202748060056535e+01,1.983100704795372593e+00,3.580239840929800721e+02,-1.010598187949228475e+02,2.000000000000000000e+00
3.483223127194269750e+02,-8.968003124335930920e+01,1.985755660700876835e+00,3.572879959837331967e+02,-1.030803511807791040e+02,2.000000000000000000e+00
3.477873851119610435e+02,-9.158971067699719981e+01,1.988191259191989246e+00,3.565141653991325938e+02,-1.050874980507960288e+02,2.000000000000000000e+00
3.472242995475287444e+02,-9.349041534655606256e+01,1.990405306694568388e+00,3.557018494323748428e+02,-1.070808242023202723e+02,2.000000000000000000e+00
3.466303724329632132e+02,-9.538149481707722543e+01,1.992395609634470155e+00,3.548504051766567500e+02,-1.090598944326982433e+02,2.000000000000000000e+00
3.460029201750980974e+02,-9.726229865360225801e+01,1.994159974437549554e+00,3.539591897251748378e+02,-1.110242735392764928e+02,2.000000000000000000e+00
3.453392591807667600e+02,-9.913217642117264461e+01,1.995696207529662924e+00,3.530275601711260833e+02,-1.129735263194014010e+02,2.000000000000000000e+00
3.446367058568024504e+02,-1.009904776848300543e+02,1.997002115336666161e+00,3.520548736077068952e+02,-1.149072175704196752e+02,2.000000000000000000e+00
3.438925766100388159e+02,-1.028365520096159003e+02,1.998075504284416049e+00,3.510404876758101977e+02,-1.168249115638834041e+02,2.000000000000000000e+00
3.431041878473091629e+02,-1.046697489605718090e+02,1.998914180798768037e+00,3.499840660662413256e+02,-1.187258787599934493e+02,2.000000000000000000e+00
3.422688892683031554e+02,-1.064894078757717040e+02,1.999515951305578909e+00,3.488860872925603189e+02,-1.206086073799618248e+02,2.000000000000000000e+00
3.413855019065784973e+02,-1.082944161259514289e+02,1.999878622230704117e+00,3.477471639854925911e+02,-1.224714568910156487e+02,2.000000000000000000e+00
3.404548673688212830e+02,-1.100830403980723418e+02,2.000000000000000000e+00,3.465679087757646926e+02,-1.243127867603817833e+02,2.000000000000000000e+00
3.394779738790977603e+02,-1.118535023408698237e+02,1.999919691019799828e+00,3.453489342941027758e+02,-1.261309564552870484e+02,2.000000000000000000e+00
3.384558096614744045e+02,-1.136040236030792983e+02,1.999679550458441923e+00,3.440908531712323679e+02,-1.279243254429584766e+02,2.000000000000000000e+00
3.373893629400176337e+02,-1.153328258334362175e+02,1.999280757884791093e+00,3.427942780378804173e+02,-1.296912531906228025e+02,2.000000000000000000e+00
3.362796219387936389e+02,-1.170381306806759625e+02,1.998724492867712144e+00,3.414598215247726216e+02,-1.314300991655070732e+02,2.000000000000000000e+00
3.351275748818687816e+02,-1.187181597935341131e+02,1.998011934976069659e+00,3.400880962626349628e+02,-1.331392228348381366e+02,2.000000000000000000e+00
3.339342099933094801e+02,-1.203711348207459224e+02,1.997144263778728224e+00,3.386797148821937640e+02,-1.348169836658429404e+02,2.000000000000000000e+00
3.327005154971822094e+02,-1.219952774110468710e+02,1.996122658844552422e+00,3.372352900141751206e+02,-1.364617411257483184e+02,2.000000000000000000e+00
3.314274796175532742e+02,-1.235888092131723823e+02,1.994948299742406839e+00,3.357554342893049579e+02,-1.380718546817812751e+02,2.000000000000000000e+00
3.301160905784890929e+02,-1.251499518758579512e+02,1.993622366041156058e+00,3.342407603383097126e+02,-1.396456838011687296e+02,2.000000000000000000e+00
3.287673366040557426e+02,-1.266769270478389444e+02,1.992146037309664885e+00,3.326918807919151391e+02,-1.411815879511375158e+02,2.000000000000000000e+00
3.273822059183199258e+02,-1.281679563778507713e+02,1.990520493116797907e+00,3.311094082808477879e+02,-1.426779265989144676e+02,2.000000000000000000e+00
3.259616867453479472e+02,-1.296212615146289409e+02,1.988746913031419927e+00,3.294939554358332998e+02,-1.441330592117267031e+02,2.000000000000000000e+00
3.245067673092058840e+02,-1.310350641069088056e+02,1.986826476622394866e+00,3.278461348875980548e+02,-1.455453452568010277e+02,2.000000000000000000e+00
3.230184358339605524e+02,-1.324075858034258317e+02,1.984760363458588195e+00,3.261665592668681484e+02,-1.469131442013642754e+02,2.000000000000000000e+00
3.214976805436780296e+02,-1.337370482529153435e+02,1.982549753108864499e+00,3.244558412043697331e+02,-1.482348155126433937e+02,2.000000000000000000e+00
3.199454896624246771e+02,-1.350216731041129492e+02,1.980195825142087696e+00,3.227145933308287908e+02,-1.495087186578654155e+02,2.000000000000000000e+00
3.183628514142669701e+02,-1.362596820057539730e+02,1.977699759127123036e+00,3.209434282769714741e+02,-1.507332131042571177e+02,2.000000000000000000e+00
3.167507540232713268e+02,-1.374492966065738528e+02,1.975062734632834882e+00,3.191429586735239354e+02,-1.519066583190454196e+02,2.000000000000000000e+00
3.151101857135039381e+02,-1.385887385553080264e+02,1.972285931228088041e+00,3.173137971512121567e+02,-1.530274137694573255e+02,2.000000000000000000e+00
3.134421347090313930e+02,-1.396762295006918748e+02,1.969370528481746874e+00,3.154565758639452042e+02,-1.540939456560763006e+02,2.000000000000000000e+00
3.117475892339198253e+02,-1.407099910914608927e+02,1.966317705962676410e+00,3.135722230141150249e+02,-1.551063386783370674e+02,2.000000000000000000e+00
3.100275442403674901e+02,-1.416886903895367311e+02,1.963128643239740789e+00,3.116618967264782896e+02,-1.560659345226225696e+02,2.000000000000000000e+00
3.082830288631618032e+02,-1.426132573994221957e+02,1.959804519881805263e+00,3.097267611582722679e+02,-1.569741078549316171e+02,2.000000000000000000e+00
3.065150830660479642e+02,-1.434853390201532761e+02,1.956346515457733970e+00,3.077679804667355370e+02,-1.578322333412628495e+02,2.000000000000000000e+00
3.047247468170921252e+02,-1.443065824367578216e+02,1.952755809536391718e+00,3.057867188091053663e+02,-1.586416856476149633e+02,2.000000000000000000e+00
3.029130600843599836e+02,-1.450786348342636813e+02,1.949033581686642869e+00,3.037841403426199349e+02,-1.594038394399867684e+02,2.000000000000000000e+00
3.010810628359172938e+02,-1.458031433976987330e+02,1.945181011477352451e+00,3.017614092245171946e+02,-1.601200693843769329e+02,2.000000000000000000e+00
2.992297950398294120e+02,-1.464817553120908258e+02,1.941199278477384826e+00,2.997196896120350402e+02,-1.607917501467840680e+02,2.000000000000000000e+00
2.973602966641623766e+02,-1.471161177624678373e+02,1.937089562255605024e+00,2.976601456624113666e+02,-1.614202563932070120e+02,2.000000000000000000e+00
2.954736076769819419e+02,-1.477078779338575600e+02,1.932853042380877406e+00,2.955839415328841255e+02,-1.620069627896444047e+02,2.000000000000000000e+00
2.935707680463536917e+02,-1.482586830112879568e+02,1.928490898422066113e+00,2.934922413806910413e+02,-1.625532440020949707e+02,2.000000000000000000e+00
2.916528177403434938e+02,-1.487701801797868484e+02,1.924004309948036617e+00,2.913862093630703498e+02,-1.630604746965573781e+02,2.000000000000000000e+00
2.897207967270166478e+02,-1.492440166243820840e+02,1.919394456527653059e+00,2.892670096372596049e+02,-1.635300295390303802e+02,2.000000000000000000e+00
2.877757449744394194e+02,-1.496818395301014846e+02,1.914662517729780244e+00,2.871358063604969288e+02,-1.639632831955127017e+02,2.000000000000000000e+00
2.858187024506773355e+02,-1.500852960819730413e+02,1.909809673123282758e+00,2.849937636900201028e+02,-1.643616103320030106e+02,2.000000000000000000e+00
2.838507091237960367e+02,-1.504560334650244329e+02,1.904837102277024963e+00,2.828420457830673058e+02,-1.647263856145000034e+02,2.000000000000000000e+00
2.818728049618610498e+02,-1.507956988642837359e+02,1.899745984759872108e+00,2.806818167968760349e+02,-1.650589837090024048e+02,2.000000000000000000e+00
2.798860299329386407e+02,-1.511059394647786007e+02,1.894537500140688113e+00,2.785142408886846397e+02,-1.653607792815089397e+02,2.000000000000000000e+00
2.778914240050942226e+02,-1.513884024515369902e+02,1.889212827988338228e+00,2.763404822157308445e+02,-1.656331469980183044e+02,2.000000000000000000e+00
2.758900271463933223e+02,-1.516447350095868103e+02,1.883773147871686815e+00,2.741617049352524305e+02,-1.658774615245291670e+02,2.000000000000000000e+00
2.738828793249019213e+02,-1.518765843239557967e+02,1.878219639359598236e+00,2.719790732044874630e+02,-1.660950975270402807e+02,2.000000000000000000e+00
2.718710205086856604e+02,-1.520855975796718838e+02,1.872553482020937743e+00,2.697937511806738371e+02,-1.662874296715503135e+02,2.000000000000000000e+00
2.698554906658103505e+02,-1.522734219617630060e+02,1.866775855424569697e+00,2.676069030210492770e+02,-1.664558326240580470e+02,2.000000000000000000e+00
2.678373297643415754e+02,-1.524417046552569275e+02,1.860887939139358238e+00,2.654196928828519617e+02,-1.666016810505621493e+02,2.000000000000000000e+00
2.658175777723450892e+02,-1.525920928451814689e+02,1.854890912734168396e+00,2.632332849233196725e+02,-1.667263496170612882e+02,2.000000000000000000e+00
2.637972746578867032e+02,-1.527262337165645931e+02,1.848785955777864976e+00,2.610488072937360471e+02,-1.668311954635614143e+02,2.000000000000000000e+00
2.617774603890321146e+02,-1.528457744544341494e+02,1.842574247839312784e+00,2.588667346247693786e+02,-1.669172576271936350e+02,2.000000000000000000e+00
2.597590026725083021e+02,-1.529521637292772027e+02,1.836256968487375518e+00,2.566869724376459772e+02,-1.669852981295742040e+02,2.000000000000000000e+00
2.577420389762865511e+02,-1.530460086820064589e+02,1.829835297290918650e+00,2.545094072311623847e+02,-1.670360697331020106e+02,2.000000000000000000e+00
2.557265133020080441e+02,-1.531276935022905263e+02,1.823310413818806541e+00,2.523339255041155127e+02,-1.670703252001758017e+02,2.000000000000000000e+00
2.537123696499901087e+02,-1.531976023782729044e+02,1.816683497639903777e+00,2.501604137553019029e+02,-1.670888172931943814e+02,2.000000000000000000e+00
2.516995520205502430e+02,-1.532561194980969788e+02,1.809955728323075164e+00,2.479887584835184384e+02,-1.670922987745565536e+02,2.000000000000000000e+00
2.496880044140057464e+02,-1.533036290499061636e+02,1.803128285437185285e+00,2.458188461875616611e+02,-1.670815224066611222e+02,2.000000000000000000e+00
2.476776708306744297e+02,-1.533405152218439014e+02,1.796202348551098726e+00,2.436505633662283117e+02,-1.670572409519068913e+02,2.000000000000000000e+00
2.456684952708731942e+02,-1.533671622020537200e+02,1.789179097233680071e+00,2.414837965183151027e+02,-1.670202071726926647e+02,2.000000000000000000e+00
2.436604217349197938e+02,-1.533839541786790903e+02,1.782059711053794349e+00,2.393184321426188319e+02,-1.669711738314172464e+02,2.000000000000000000e+00
2.416533942231314995e+02,-1.533912753398633129e+02,1.774845369580305254e+00,2.371543567379359558e+02,-1.669108936904794405e+02,2.000000000000000000e+00
2.396473567358258379e+02,-1.533895098737499154e+02,1.767537252382078039e+00,2.349914568030634427e+02,-1.668401195122780507e+02,2.000000000000000000e+00
2.376422532733202218e+02,-1.533790419684823121e+02,1.760136539027977509e+00,2.328296188367978630e+02,-1.667596040592118243e+02,2.000000000000000000e+00
2.356380278359319504e+02,-1.533602558122039738e+02,1.752644409086867583e+00,2.306687293379358437e+02,-1.666701000936796504e+02,2.000000000000000000e+00
2.336346244239786358e+02,-1.533335355930583432e+02,1.745062042127613955e+00,2.285086748052743530e+02,-1.665723603780802762e+02,2.000000000000000000e+00
2.316319870377775487e+02,-1.532992654991888344e+02,1.737390617719080321e+00,2.263493417376098478e+02,-1.664671376748124771e+02,2.000000000000000000e+00
2.296300596776462157e+02,-1.532578297187389467e+02,1.729631315430131711e+00,2.241906166337391255e+02,-1.663551847462751141e+02,2.000000000000000000e+00
2.276287863439021066e+02,-1.532096124398521226e+02,1.721785314829633817e+00,2.220323859924589271e+02,-1.662372543548669910e+02,2.000000000000000000e+00
2.256281110368624923e+02,-1.531549978506716911e+02,1.713853795486449005e+00,2.198745363125657661e+02,-1.661140992629868833e+02,2.000000000000000000e+00
2.236279777568448992e+02,-1.530943701393412084e+02,1.705837936969443192e+00,2.177169540928565823e+02,-1.659864722330335098e+02,2.000000000000000000e+00
2.216283305041666267e+02,-1.530281134940040886e+02,1.697738918847480738e+00,2.155595258321279175e+02,-1.658551260274058166e+02,2.000000000000000000e+00
2.196291132791453151e+02,-1.529566121028037742e+02,1.689557920689426673e+00,2.134021380291764558e+02,-1.657208134085025506e+02,2.000000000000000000e+00
2.176302700820982068e+02,-1.528802501538837362e+02,1.681296122064145138e+00,2.112446771827990801e+02,-1.655842871387224875e+02,2.000000000000000000e+00
2.156317449133428852e+02,-1.527994118353873318e+02,1.672954702540501382e+00,2.090870297917923608e+02,-1.654462999804644596e+02,2.000000000000000000e+00
2.136334817731965359e+02,-1.527144813354581174e+02,1.664534841687359323e+00,2.069290823549529534e+02,-1.653076046961272709e+02,2.000000000000000000e+00
2.116354246619769697e+02,-1.526258428422394218e+02,1.656037719073583991e+00,2.047707213710776841e+02,-1.651689540481096401e+02,2.000000000000000000e+00
2.096375175800014006e+02,-1.525338805438748011e+02,1.647464514268040636e+00,2.026118337441742483e+02,-1.650310983495287758e+02,2.000000000000000000e+00
2.076397045275870141e+02,-1.524389786285076696e+02,1.638816406839592510e+00,2.004523489912000400e+02,-1.648945303412320129e+02,2.000000000000000000e+00
2.056419295050515643e+02,-1.523415212842813560e+02,1.630094576357105529e+00,1.982922761447704545e+02,-1.647592621348563000e+02,2.000000000000000000e+00
2.036441365127123220e+02,-1.522418926993394450e+02,1.621300202389443168e+00,1.961316329361786188e+02,-1.646252532632281884e+02,2.000000000000000000e+00
2.016462695508868137e+02,-1.521404770618253508e+02,1.612434464505470455e+00,1.939704370967176885e+02,-1.644924632591742579e+02,2.000000000000000000e+00
1.996482726198923388e+02,-1.520376585598824875e+02,1.603498542274052641e+00,1.918087063576807054e+02,-1.643608516555210883e+02,2.000000000000000000e+00
1.976500897200465943e+02,-1.519338213816542407e+02,1.594493615264053643e+00,1.896464584503608251e+02,-1.642303779850952026e+02,2.000000000000000000e+00
1.956516648516665384e+02,-1.518293497152841951e+02,1.585420863044338269e+00,1.874837111060513166e+02,-1.641010017807232941e+02,2.000000000000000000e+00
1.936529420150701526e+02,-1.517246277489157080e+02,1.576281465183771990e+00,1.853204820560452788e+02,-1.639726825752318007e+02,2.000000000000000000e+00
1.916538652105743097e+02,-1.516200396706922504e+02,1.567076601251218060e+00,1.831567890316357818e+02,-1.638453799014473020e+02,2.000000000000000000e+00
1.896543875758260924e+02,-1.515159167152160080e+02,1.557807450815541950e+00,1.809926497641159244e+02,-1.637190532921964348e+02,2.000000000000000000e+00
1.876545081818668450e+02,-1.514123239194000234e+02,1.548475193445607578e+00,1.788280819847789473e+02,-1.635936622803056935e+02,2.000000000000000000e+00
1.856542405019886246e+02,-1.513092428548323483e+02,1.539081008710281084e+00,1.766631034249180345e+02,-1.634691663986017147e+02,2.000000000000000000e+00
1.836535980145509654e+02,-1.512066550637308637e+02,1.529626076178425276e+00,1.744977318158263131e+02,-1.633455251799110215e+02,2.000000000000000000e+00
1.816525941979138850e+02,-1.511045420883132238e+02,1.520111575418905625e+00,1.723319848887967680e+02,-1.632226981570602220e+02,2.000000000000000000e+00
1.796512425304371448e+02,-1.510028854707971391e+02,1.510538686000586717e+00,1.701658803751227254e+02,-1.631006448628758676e+02,2.000000000000000000e+00
1.776495564904805917e+02,-1.509016667534003773e+02,1.500908587492333357e+00,1.679994360060971701e+02,-1.629793248301845097e+02,2.000000000000000000e+00
1.756475495564040727e+02,-1.508008674783406775e+02,1.491222459463010797e+00,1.658326695130135420e+02,-1.628586975918127280e+02,2.000000000000000000e+00
1.736452352065673210e+02,-1.507004691878357789e+02,1.481481481481481843e+00,1.636655986271646270e+02,-1.627387226805871308e+02,2.000000000000000000e+00
1.716426269193301550e+02,-1.506004534241033923e+02,1.471686833116612192e+00,1.614982410798436661e+02,-1.626193596293341841e+02,2.000000000000000000e+00
1.696397381730523932e+02,-1.505008017293612284e+02,1.461839693937266649e+00,1.593306146023439567e+02,-1.625005679708805530e+02,2.000000000000000000e+00
1.676365824460938256e+02,-1.504014956458271115e+02,1.451941243512309576e+00,1.571627369259584555e+02,-1.623823072380527606e+02,2.000000000000000000e+00
1.656331732168143844e+02,-1.503025167157186957e+02,1.441992661410606003e+00,1.549946257819804032e+02,-1.622645369636774433e+02,2.000000000000000000e+00
1.636295239635738028e+02,-1.502038464812537484e+02,1.431995127201020290e+00,1.528262989017028985e+02,-1.621472166805810673e+02,2.000000000000000000e+00
1.616256481647318992e+02,-1.501054664846499804e+02,1.421949820452417024e+00,1.506577740164190971e+02,-1.620303059215902692e+02,2.000000000000000000e+00
1.596215592986484921e+02,-1.500073582681251878e+02,1.411857920733661009e+00,1.484890688574222679e+02,-1.619137642195316573e+02,2.000000000000000000e+00
1.576172708436834000e+02,-1.499095033738969960e+02,1.401720607613616165e+00,1.463202011560054245e+02,-1.617975511072316692e+02,2.000000000000000000e+00
1.556127962781964413e+02,-1.498118833441832010e+02,1.391539060661147520e+00,1.441511886434617224e+02,-1.616816261175169416e+02,2.000000000000000000e+00
1.536081490805472640e+02,-1.497144797212015987e+02,1.381314459445120102e+00,1.419820490510841466e+02,-1.615659487832141110e+02,2.000000000000000000e+00
1.516033427290959139e+02,-1.496172740471698148e+02,1.371047983534398274e+00,1.398128001101660800e+02,-1.614504786371496721e+02,2.000000000000000000e+00
1.495983907022022095e+02,-1.495202478643056452e+02,1.360740812497846619e+00,1.376434595520006781e+02,-1.613351752121501477e+02,2.000000000000000000e+00
1.475933064782258839e+02,-1.494233827148268006e+02,1.350394125904329945e+00,1.354740451078808974e+02,-1.612199980410422313e+02,2.000000000000000000e+00
1.455881035355267272e+02,-1.493266601409510201e+02,1.340009103322712392e+00,1.333045745090999219e+02,-1.611049066566524175e+02,2.000000000000000000e+00
1.435827953524645864e+02,-1.492300616848960146e+02,1.329586924321859431e+00,1.311350654869510777e+02,-1.609898605918072576e+02,2.000000000000000000e+00
1.415773954073993082e+02,-1.491335688888795801e+02,1.319128768470635871e+00,1.289655357727274065e+02,-1.608748193793333883e+02,2.000000000000000000e+00
1.395719171786905406e+02,-1.490371632951194272e+02,1.308635815337905184e+00,1.267960030977218651e+02,-1.607597425520573324e+02,2.000000000000000000e+00
1.375663741446983579e+02,-1.489408264458332667e+02,1.298109244492531955e+00,1.246264851932278503e+02,-1.606445896428056415e+02,2.000000000000000000e+00
1.355607797837823512e+02,-1.488445398832388662e+02,1.287550235503381657e+00,1.224569997905383332e+02,-1.605293201844049236e+02,2.000000000000000000e+00
1.335551475743024241e+02,-1.487482851495539080e+02,1.276959967939318430e+00,1.202875646209464975e+02,-1.604138937096817585e+02,2.000000000000000000e+00
1.315494909946185089e+02,-1.486520437869961597e+02,1.266339621369207302e+00,1.181181974157455414e+02,-1.602982697514626693e+02,2.000000000000000000e+00
1.295438235230901682e+02,-1.485557973377833605e+02,1.255690375361912414e+00,1.159489159062285921e+02,-1.601824078425742357e+02,2.000000000000000000e+00
1.275381586380774053e+02,-1.484595273441332495e+02,1.245013409486299238e+00,1.137797378236887909e+02,-1.600662675158430375e+02,2.000000000000000000e+00
1.255325098179400243e+02,-1.483632153482635090e+02,1.234309903311231471e+00,1.116106808994192789e+02,-1.599498083040956544e+02,2.000000000000000000e+00
1.235268905410379148e+02,-1.482668428923919350e+02,1.223581036405574585e+00,1.094417628647132403e+02,-1.598329897401586379e+02,2.000000000000000000e+00
1.215213142857306536e+02,-1.481703915187362384e+02,1.212827988338192498e+00,1.072730014508637169e+02,-1.597157713568585677e+02,2.000000000000000000e+00
1.195157945303781588e+02,-1.480738427695141866e+02,1.202051938677950460e+00,1.051044143891638072e+02,-1.595981126870220237e+02,2.000000000000000000e+00
1.175103447533401919e+02,-1.479771781869434335e+02,1.191254066993712168e+00,1.029360194109068090e+02,-1.594799732634755287e+02,2.000000000000000000e+00
1.155049784329768414e+02,-1.478803793132417752e+02,1.180435552854343317e+00,1.007678342473858919e+02,-1.593613126190456626e+02,2.000000000000000000e+00
1.134997090476475421e+02,-1.477834276906269224e+02,1.169597575828707381e+00,9.859987662989398416e+01,-1.592420902865590620e+02,2.000000000000000000e+00
1.114945500757123682e+02,-1.476863048613166143e+02,1.158741315485670054e+00,9.643216428972436916e+01,-1.591222657988422213e+02,2.000000000000000000e+00
1.094895149955309819e+02,-1.475889923675286468e+02,1.147867951394095698e+00,9.426471495817018820e+01,-1.590017986887217489e+02,2.000000000000000000e+00
1.074846172854634574e+02,-1.474914717514806455e+02,1.136978663122849120e+00,9.209754636652472470e+01,-1.588806484890241677e+02,2.000000000000000000e+00
1.054798704238693148e+02,-1.473937245553903779e+02,1.126074630240793795e+00,8.993067618819571862e+01,-1.587587747811156476e+02,2.000000000000000000e+00
1.034752878891084009e+02,-1.472957323214756684e+02,1.115157032316795638e+00,8.776411425281840195e+01,-1.586361437237528662e+02,2.000000000000000000e+00
1.014708831595406195e+02,-1.471974765919541710e+02,1.104227048919718790e+00,8.559785468234780126e+01,-1.585127346473574903e+02,2.000000000000000000e+00
9.946666971352580333e+01,-1.470989389090435679e+02,1.093285859618428724e+00,8.343188972607941878e+01,-1.583885284526684813e+02,2.000000000000000000e+00
9.746266102942374232e+01,-1.470001008149616837e+02,1.082334643981788247e+00,8.126621163330881359e+01,-1.582635060404248293e+02,2.000000000000000000e+00
9.545887058559432603e+01,-1.469009438519261721e+02,1.071374581578663276e+00,7.910081265333171530e+01,-1.581376483113655240e+02,2.000000000000000000e+00
9.345531186039714555e+01,-1.468014495621548576e+02,1.060406851977918397e+00,7.693568503544344139e+01,-1.580109361662295555e+02,2.000000000000000000e+00
9.145199833219220409e+01,-1.467015994878654226e+02,1.049432634748417748e+00,7.477082102893965043e+01,-1.578833505057559137e+02,2.000000000000000000e+00
8.944894347933939116e+01,-1.466013751712756346e+02,1.038453109459027246e+00,7.260621288311598676e+01,-1.577548722306835884e+02,2.000000000000000000e+00
8.744616078019826944e+01,-1.465007581546032043e+02,1.027469455678609256e+00,7.044185284726778207e+01,-1.576254822417515697e+02,2.000000000000000000e+00
8.544366371312878528e+01,-1.463997299800658425e+02,1.016482852976030360e+00,6.827773317069072334e+01,-1.574951614396987907e+02,2.000000000000000000e+00
8.344146566077186833e+01,-1.462982720209663796e+02,1.005494480920154254e+00,6.611384610268029860e+01,-1.573638907252643264e+02,2.000000000000000000e+00
8.143957093901173039e+01,-1.461963496505242688e+02,9.945055190798457456e-01,6.395018389253215219e+01,-1.572316509991870532e+02,2.000000000000000000e+00
7.943796746752903459e+01,-1.460938993076181305e+02,9.835171470239696401e-01,6.178673878954171528e+01,-1.570984231622060747e+02,2.000000000000000000e+00
7.743664144108961978e+01,-1.459908543871737550e+02,9.725305443213910772e-01,5.962350304300467485e+01,-1.569641881150603240e+02,2.000000000000000000e+00
7.543557905445923950e+01,-1.458871482841169893e+02,9.615468905409737532e-01,5.746046890221648340e+01,-1.568289267584887909e+02,2.000000000000000000e+00
7.343476650240387471e+01,-1.457827143933735670e+02,9.505673652515829186e-01,5.529762861647284922e+01,-1.566926199932304371e+02,2.000000000000000000e+00
7.143418997968916528e+01,-1.456774861098693350e+02,9.395931480220822696e-01,5.313497443506906137e+01,-1.565552487200243093e+02,2.000000000000000000e+00
6.943383568108114900e+01,-1.455713968285300268e+02,9.286254184213371676e-01,5.097249860730085658e+01,-1.564167938396093120e+02,2.000000000000000000e+00
6.743368980134552260e+01,-1.454643799442815180e+02,9.176653560182121971e-01,4.881019338246368733e+01,-1.562772362527244923e+02,2.000000000000000000e+00
6.543373853524819594e+01,-1.453563688520494850e+02,9.067141403815720535e-01,4.664805100985321218e+01,-1.561365568601088398e+02,2.000000000000000000e+00
6.343396807755497235e+01,-1.452472969467598887e+02,8.957729510802809880e-01,4.448606373876488362e+01,-1.559947365625013731e+02,2.000000000000000000e+00
6.143436462303179013e+01,-1.451370976233383772e+02,8.848429676832040292e-01,4.232422381849434601e+01,-1.558517562606409967e+02,2.000000000000000000e+00
5.943491436644447390e+01,-1.450257042767107691e+02,8.739253697592059833e-01,4.016252349833708735e+01,-1.557075968552667007e+02,2.000000000000000000e+00
5.743560350255874170e+01,-1.449130503018029401e+02,8.630213368771509908e-01,3.800095502758863830e+01,-1.555622392471175601e+02,2.000000000000000000e+00
5.543641822614063841e+01,-1.447990690935406519e+02,8.521320486059048571e-01,3.583951065554472848e+01,-1.554156643369324797e+02,2.000000000000000000e+00
5.343734473195578971e+01,-1.446836940468496948e+02,8.412586845143306125e-01,3.367818263150065405e+01,-1.552678530254504778e+02,2.000000000000000000e+00
5.143836921477014812e+01,-1.445668585566558306e+02,8.304024241712931742e-01,3.151696320475209490e+01,-1.551187862134105160e+02,2.000000000000000000e+00
4.943947786934953115e+01,-1.444484960178848780e+02,8.195644471456574598e-01,2.935584462459455679e+01,-1.549684448015516409e+02,2.000000000000000000e+00
4.744065689045975631e+01,-1.443285398254626841e+02,8.087459330062882756e-01,2.719481914032363790e+01,-1.548168096906127857e+02,2.000000000000000000e+00
4.544189247286674771e+01,-1.442069233743149539e+02,7.979480613220499841e-01,2.503387900123486176e+01,-1.546638617813329404e+02,2.000000000000000000e+00
4.344317081133632996e+01,-1.440835800593675060e+02,7.871720116618073915e-01,2.287301645662380523e+01,-1.545095819744511232e+02,2.000000000000000000e+00
4.144447810063419269e+01,-1.439584432755462444e+02,7.764189635944254153e-01,2.071222375578605579e+01,-1.543539511707062672e+02,2.000000000000000000e+00
3.944580053552651577e+01,-1.438314464177768173e+02,7.656900966887685289e-01,1.855149314801719029e+01,-1.541969502708374193e+02,2.000000000000000000e+00
3.744712431077878989e+01,-1.437025228809851001e+02,7.549865905137008726e-01,1.639081688261253689e+01,-1.540385601755835978e+02,2.000000000000000000e+00
3.544843562115701729e+01,-1.435716060600968547e+02,7.443096246380874748e-01,1.423018720886786603e+01,-1.538787617856836221e+02,2.000000000000000000e+00
3.344972066142697287e+01,-1.434386293500379281e+02,7.336603786307934749e-01,1.206959637607861424e+01,-1.537175360018767094e+02,2.000000000000000000e+00
3.145096562635457715e+01,-1.433035261457340539e+02,7.230400320606823472e-01,9.909036633540404537e+00,-1.535548637249016508e+02,2.000000000000000000e+00
2.945215671070564412e+01,-1.431662298421110506e+02,7.124497644966190091e-01,7.748500230548776457e+00,-1.533907258554975215e+02,2.000000000000000000e+00
2.745328010924598061e+01,-1.430266738340947654e+02,7.018907555074687110e-01,5.587979416399248223e+00,-1.532251032944033113e+02,2.000000000000000000e+00
2.545432201674147521e+01,-1.428847915166109317e+02,6.913641846620957043e-01,3.427466440387401114e+00,-1.530579769423580103e+02,2.000000000000000000e+00
2.345526862795793477e+01,-1.427405162845853681e+02,6.808712315293645734e-01,1.266953551808774669e+00,-1.528893277001005799e+02,1.999556664889909241e+00
2.145610613766134733e+01,-1.425937815329438649e+02,6.704130756781404576e-01,-8.934747434311195446e-01,-1.527185625843350181e+02,1.998236910082414441e+00
1.945682074061730660e+01,-1.424445206566121840e+02,6.599908966772877195e-01,-3.052813460541260238e+00,-1.525393627549636619e+02,1.996056111361679486e+00
1.745739863159182192e+01,-1.422926670505161724e+02,6.496058740956702771e-01,-5.209528776664699379e+00,-1.523421197244219343e+02,1.993029644511870035e+00
1.545782600535062201e+01,-1.421381541095815919e+02,6.392591875021531589e-01,-7.362080564190708110e+00,-1.521171857863000128e+02,1.989172885317151085e+00
1.345808905665964694e+01,-1.419809152287342897e+02,6.289520164656023926e-01,-9.508928695508181761e+00,-1.518549132341880181e+02,1.984501209561687851e+00
1.145817398028473555e+01,-1.418208838029000276e+02,6.186855405548803422e-01,-1.164853304300639181e+01,-1.515456543616761849e+02,1.979029993029644663e+00
9.458066970991675149e+00,-1.416579932270045958e+02,6.084609393388529242e-01,-1.377935347907445163e+01,-1.511797614623546337e+02,1.972774611505186959e+00
7.457754223546347205e+00,-1.414921768959737847e+02,5.982793923863845009e-01,-1.589984987610137068e+01,-1.507475868298135424e+02,1.965750440772479513e+00
5.457221932714716672e+00,-1.413233682047334412e+02,5.881420792663403230e-01,-1.800847435755978410e+01,-1.502395174615801068e+02,1.957972856615687762e+00
3.456456293262332391e+00,-1.411515005482092704e+02,5.780501795475836424e-01,-2.010286200960792158e+01,-1.496495995004978568e+02,1.949457234818976037e+00
1.455760429536369971e+00,-1.409746914670916169e+02,5.680048727989799318e-01,-2.217912215388565045e+01,-1.489787123074184763e+02,1.940218951166509775e+00
-5.432338202043485165e-01,-1.407834456097186830e+02,5.580073385893939975e-01,-2.423319704068858016e+01,-1.482284834811453891e+02,1.930273381442453529e+00
-2.538546463731883307e+00,-1.405662728694512111e+02,5.480587564876904239e-01,-2.626102892031237701e+01,-1.474005406204822179e+02,1.919635901430972957e+00
-4.528197507541551481e+00,-1.403116831323352187e+02,5.381603060627335733e-01,-2.825856004305265046e+01,-1.464965113242325856e+02,1.908321886916232613e+00
-6.510206958128713417e+00,-1.400081862844167517e+02,5.283131668833875860e-01,-3.022173265920506680e+01,-1.455180231912000295e+02,1.896346713682397489e+00
-8.482594821988751477e+00,-1.396442922117419698e+02,5.185185185185186008e-01,-3.214648901906526390e+01,-1.444667038201880302e+02,1.883725757513633248e+00
-1.044336581464028413e+01,-1.392085757829217130e+02,5.087775405369900916e-01,-3.402877137292885124e+01,-1.433441808100002106e+02,1.870474394194103995e+00
-1.238949071166751814e+01,-1.386940058349672711e+02,4.990914125076675312e-01,-3.586452197109140627e+01,-1.421520817594402502e+02,1.856607999507975615e+00
-1.431626685457644044e+01,-1.381006628525019835e+02,4.894613139994135054e-01,-3.764968306384875518e+01,-1.408920342673115726e+02,1.842141949239411547e+00
-1.621883902491951090e+01,-1.374292756591770797e+02,4.798884245810950411e-01,-3.938019690149642571e+01,-1.395656659324177156e+02,1.827091619172578341e+00
-1.809235200424948786e+01,-1.366805730786441302e+02,4.703739238215751683e-01,-4.105200573433006639e+01,-1.381746043535623585e+02,1.811472385091639881e+00
-1.993195057411916693e+01,-1.358552839345544214e+02,4.609189912897198038e-01,-4.266105181264533996e+01,-1.367204771295490389e+02,1.795299622780761828e+00
-2.173277951608116254e+01,-1.349541370505593534e+02,4.515248065543924216e-01,-4.420327738673784523e+01,-1.352049118591812942e+02,1.778588708024108955e+00
-2.348998361168820992e+01,-1.339778612503103830e+02,4.421925491844587164e-01,-4.567462470690325915e+01,-1.336295361412627187e+02,1.761355016605846480e+00
-2.519870764249301942e+01,-1.329271853574588249e+02,4.329233987487819402e-01,-4.707103602343717341e+01,-1.319959775745968216e+02,1.743613924310139174e+00
-2.685409639004824456e+01,-1.318028381956561930e+02,4.237185348162288978e-01,-4.838867286661622558e+01,-1.303059180908589383e+02,1.725380806921153143e+00
-2.845129463590674135e+01,-1.306055485885537450e+02,4.145791369556623973e-01,-4.962710322211701452e+01,-1.285618836682392896e+02,1.706671040223052493e+00
-2.998544716162117041e+01,-1.293360453598029096e+02,4.055063847359470230e-01,-5.078858301232420303e+01,-1.267670662979378307e+02,1.687500000000000888e+00
-3.145169874874424920e+01,-1.279950573330551435e+02,3.965014577259478035e-01,-5.187544120300658790e+01,-1.249246760697366341e+02,1.667883062036164432e+00
-3.284519417882861347e+01,-1.265833133319617616e+02,3.875655354945299891e-01,-5.289000675993295175e+01,-1.230379230734179146e+02,1.647835602115708120e+00
-3.416193996438801150e+01,-1.251020353928872169e+02,3.786997976105570540e-01,-5.383460864887211272e+01,-1.211100173987639437e+02,1.627372996022797391e+00
-3.540263520344080206e+01,-1.235551313589418925e+02,3.699054236428951370e-01,-5.471157583559287474e+01,-1.191441691355568793e+02,1.606510619541596352e+00
-3.656956854535397383e+01,-1.219474188547905271e+02,3.611835931604077121e-01,-5.552323728586403462e+01,-1.171435883735788224e+02,1.585263848456270885e+00
-3.766502991137293321e+01,-1.202837162330589109e+02,3.525354857319595858e-01,-5.627192196545438918e+01,-1.151114852026120303e+02,1.563648058550985542e+00
-3.869130922274318607e+01,-1.185688418463731608e+02,3.439622809264157866e-01,-5.695995884013266419e+01,-1.130510697124388031e+02,1.541678625609906206e+00
-3.965069640071029511e+01,-1.168076140473589675e+02,3.354651583126408987e-01,-5.758967687566781990e+01,-1.109655519928411280e+02,1.519370925417196316e+00
-4.054548136651965251e+01,-1.150048511886422204e+02,3.270452974594986184e-01,-5.816340503782855365e+01,-1.088581421336012198e+02,1.496740333757021313e+00
-4.137795404141682809e+01,-1.131653716228489941e+02,3.187038779358553064e-01,-5.868347229238367646e+01,-1.067320502245013216e+02,1.473802226413547967e+00
-4.215040434664722824e+01,-1.112939937026050501e+02,3.104420793105739929e-01,-5.915220760510200648e+01,-1.045904863553236623e+02,1.450571979170937942e+00
-4.286512220345635882e+01,-1.093955357805363349e+02,3.022610811525197061e-01,-5.957193994175234053e+01,-1.024366606158503856e+02,1.427064967813358676e+00
-4.352439753308969728e+01,-1.074748162092687664e+02,2.941620630305570305e-01,-5.994499826810345411e+01,-1.002737830958636494e+02,1.403296568124974497e+00
-4.413052025679273527e+01,-1.055366533414282060e+02,2.861462045135518828e-01,-6.027371154992416535e+01,-9.810506388514568243e+01,1.379282155889949957e+00
-4.468578029581092892e+01,-1.035858655296407136e+02,2.782146851703675150e-01,-6.056040875298324266e+01,-9.593371307347878485e+01,1.355037106892452270e+00
-4.519246757138980541e+01,-1.016272711265319089e+02,2.703686845698678454e-01,-6.080734972280776418e+01,-9.376281731733867275e+01,1.330576796916643101e+00
-4.565274498173097584e+01,-9.966509740223665403e+01,2.626093822809196787e-01,-6.101581540167259021e+01,-9.159371517073920188e+01,1.305916601746688999e+00
-4.606809524598109817e+01,-9.770040651670100829e+01,2.549379578723864892e-01,-6.118636050750244237e+01,-8.942644831328657062e+01,1.281071897166755402e+00
-4.643977436699936590e+01,-9.573320563997380361e+01,2.473555909131321950e-01,-6.131952259022536822e+01,-8.726102776638168734e+01,1.256058058961006418e+00
-4.676903819175772270e+01,-9.376350121670618876e+01,2.398634609720229349e-01,-6.141583919976940820e+01,-8.509746455142519039e+01,1.230890462913609262e+00
-4.705714256722819044e+01,-9.179129969154942614e+01,2.324627476179224050e-01,-6.147584788606260275e+01,-8.293576968981787445e+01,1.205584484808725376e+00
-4.730534334038264177e+01,-8.981660750915452240e+01,2.251546304196951898e-01,-6.150008619903297102e+01,-8.077595420296034945e+01,1.180155500430521975e+00
-4.751489635819311275e+01,-8.783943111417266891e+01,2.179402889462060955e-01,-6.148909168860861030e+01,-7.861802911225346691e+01,1.154618885563163166e+00
-4.768705746763147602e+01,-8.585977695125508546e+01,2.108209027663203727e-01,-6.144340190471749708e+01,-7.646200543909802150e+01,1.128990015990816387e+00
-4.782308251566976764e+01,-8.387765146505286395e+01,2.037976514489017177e-01,-6.136355439728771444e+01,-7.430789420489436736e+01,1.103284267497642634e+00
-4.792422734927989580e+01,-8.189306110021702523e+01,1.968717145628149368e-01,-6.125008671624726730e+01,-7.215570643104346971e+01,1.077517015867809347e+00
-4.799174781543381840e+01,-7.990601230139888855e+01,1.900442716769243923e-01,-6.110353641152420323e+01,-7.000545313894593846e+01,1.051703636885480853e+00
-4.802689976110352177e+01,-7.791651151324954583e+01,1.833165023600962229e-01,-6.092444103304657688e+01,-6.785714535000262515e+01,1.025859506334822591e+00
-4.803093903326092118e+01,-7.592456518042007474e+01,1.766895861811934587e-01,-6.071333813074242869e+01,-6.571079408561425339e+01,9.999999999999991118e-01
-4.800512147887799586e+01,-7.393017974756165245e+01,1.701647027090817943e-01,-6.047076525453975648e+01,-6.356641036718136917e+01,9.741404936651756330e-01
-4.795070294492671081e+01,-7.193336165932541348e+01,1.637430315126247038e-01,-6.019725995436666466e+01,-6.142400521610480979e+01,9.482963631145187033e-01
-4.786893927837897422e+01,-6.993411736036257764e+01,1.574257521606878818e-01,-5.989335978015114392e+01,-5.928358965378534151e+01,9.224829841321902091e-01
-4.776108632620681504e+01,-6.793245329532435051e+01,1.512140442221348025e-01,-5.955960228182127025e+01,-5.714517470162370216e+01,8.967157325023582537e-01
-4.762839993538213434e+01,-6.592837590886161081e+01,1.451090872658316044e-01,-5.919652500930505568e+01,-5.500877138102045194e+01,8.710099840091848344e-01
-4.747213595287692556e+01,-6.392189164562575598e+01,1.391120608606426501e-01,-5.880466551253052643e+01,-5.287439071337631447e+01,8.453811144368363895e-01
-4.729355022566310396e+01,-6.191300695026780687e+01,1.332241445754305254e-01,-5.838456134142575138e+01,-5.074204372009211994e+01,8.198444995694775805e-01
-4.709389860071264877e+01,-5.990172826743887668e+01,1.274465179790627012e-01,-5.793675004591874966e+01,-4.861174142256846409e+01,7.944155151912741797e-01
-4.687433917873199363e+01,-5.788811428267923986e+01,1.217803606404017636e-01,-5.746176890560878547e+01,-4.648349508564251664e+01,7.691095370863905156e-01
-4.663422776807758652e+01,-5.587318692400308606e+01,1.162268521283134071e-01,-5.695964615117131302e+01,-4.435777438253276017e+01,7.439419410389918053e-01
-4.637133548978820130e+01,-5.385881506200448854e+01,1.107871720116619940e-01,-5.642884347064497774e+01,-4.223645968833956488e+01,7.189281028332430434e-01
-4.608337946564781618e+01,-5.184689642739905224e+01,1.054624998593123308e-01,-5.586752218422101635e+01,-4.012170186520781101e+01,6.940833982533108903e-01
-4.576807681744028855e+01,-4.983932875090198422e+01,1.002540152401283358e-01,-5.527384361209058738e+01,-3.801565177528207329e+01,6.694232030833580094e-01
-4.542314466694957531e+01,-4.783800976322865495e+01,9.516289772297570337e-02,-5.464596907444484941e+01,-3.592046028070701880e+01,6.449628931075488403e-01
-4.504630013595959070e+01,-4.584483719509471911e+01,9.019032687671746373e-02,-5.398205989147508177e+01,-3.383827824362767700e+01,6.207178441100494881e-01
-4.463526034625424188e+01,-4.386170877721536954e+01,8.533748227021931143e-02,-5.328027738337241459e+01,-3.177125652618866525e+01,5.967034318750255029e-01
-4.418774241961745730e+01,-4.189052224030616856e+01,8.060554347234694106e-02,-5.253878287032806327e+01,-2.972154599053473945e+01,5.729350321866411022e-01
-4.370146347783315832e+01,-3.993317531508245821e+01,7.599569005196382676e-02,-5.175573767253320057e+01,-2.769129749881056313e+01,5.494280208290618361e-01
-4.317414064268525919e+01,-3.799156573225974398e+01,7.150910157793388677e-02,-5.092930311017904899e+01,-2.568266191316102720e+01,5.261977735864520334e-01
-4.260349103595767417e+01,-3.606759122255336081e+01,6.714695761912237160e-02,-5.005764050345678839e+01,-2.369779009573084494e+01,5.032596662429773549e-01
-4.198723177943436724e+01,-3.416314951667887101e+01,6.291043774439453173e-02,-4.913891117255764129e+01,-2.173883290866481488e+01,4.806290745828034616e-01
-4.132307999489918870e+01,-3.228013834535147453e+01,5.880072152261472951e-02,-4.817127643767273071e+01,-1.980794121410760056e+01,4.583213743900931281e-01
-4.060875280413608834e+01,-3.042045543928668394e+01,5.481898852264777133e-02,-4.715289761899327203e+01,-1.790726587420382643e+01,4.363519414490133475e-01
-3.984196732892898751e+01,-2.858599852919992657e+01,5.096641831335713135e-02,-4.608193603671050198e+01,-1.603895775109856103e+01,4.147361515437291146e-01
-3.902044069106180757e+01,-2.677866534580662261e+01,4.724419046360894825e-02,-4.495655301101556489e+01,-1.420516770693629027e+01,3.934893804584029819e-01
-3.814189001231845566e+01,-2.500035361982215321e+01,4.365348454226625208e-02,-4.377490986209965484e+01,-1.240804660386177183e+01,3.726270039772028309e-01
-3.720403241448286735e+01,-2.325296108196198830e+01,4.019548011819473743e-02,-4.253516791015400145e+01,-1.064974530401998187e+01,3.521643978842914358e-01
-3.620458501933894269e+01,-2.153838546294150902e+01,3.687135676025921072e-02,-4.123548847536978457e+01,-8.932414669555496900e+00,3.321169379638353458e-01
-3.514126494867067407e+01,-1.985852449347622439e+01,3.368229403732359017e-02,-3.987403287793826223e+01,-7.258205562613206041e+00,3.124999999999997780e-01
-3.401178932426187629e+01,-1.821527590428147292e+01,3.062947151825312631e-02,-3.844896254919719070e+01,-5.629268920277371357e+00,2.933289597769483947e-01
-3.281430900347119461e+01,-1.661097445264403305e+01,2.771406877191173734e-02,-3.695931388921513872e+01,-4.048345619519130523e+00,2.746191930788466351e-01
-3.154974632667183698e+01,-1.505074740767233799e+01,2.493726536716511788e-02,-3.540711078974459269e+01,-2.520190827013899959e+00,2.563860756898594939e-01
-3.022011420843898932e+01,-1.354082088747880874e+01,2.230024087287718615e-02,-3.379501421069007705e+01,-1.049989246974075918e+00,2.386449833941521881e-01
-2.882742818124982520e+01,-1.208742364794170321e+01,1.980417485791230447e-02,-3.212568511195595278e+01,3.570744163882970112e-01,2.214112919758906006e-01
-2.737370377758147200e+01,-1.069678444493910519e+01,1.745024689113616745e-02,-3.040178445344673364e+01,1.695815458860822744e+00,2.047003772192375060e-01
-2.586095652991107485e+01,-9.375132034349050514e+00,1.523963654141224922e-02,-2.862597319506683391e+01,2.961049176231325131e+00,1.885276149083598973e-01
-2.429120197071579312e+01,-8.128695172049576811e+00,1.317352337760535619e-02,-2.680091229672073183e+01,4.147590864287582946e+00,1.729083808274216594e-01
-2.266645563247287498e+01,-6.963702613918945517e+00,1.125308696857940660e-02,-2.492926271831294116e+01,5.250255818817113784e+00,1.578580507605886751e-01
-2.098873304765925951e+01,-5.886383115835014834e+00,9.479506883202315493e-03,-2.301368541974778026e+01,6.263859335607915746e+00,1.433920004920250513e-01
-1.926004974875218778e+01,-4.902965433675825047e+00,7.853962690334448382e-03,-2.105684136092972736e+01,7.183216710447768882e+00,1.295256058058953386e-01
-1.748242126822887954e+01,-4.019678323319852531e+00,6.377633958843276218e-03,-1.906139150176323938e+01,8.003143239124321795e+00,1.162742424863667523e-01
-1.565823866330923764e+01,-3.241191177086348851e+00,5.051700257592717236e-03,-1.703022703374075419e+01,8.720569985174854821e+00,1.036532863176016228e-01
-1.379205437120307032e+01,-2.563198273787989478e+00,3.877341155447577847e-03,-1.496717884586954916e+01,9.341063585190543250e+00,9.167811308376672130e-02
-1.188919254843260731e+01,-1.978189333826224638e+00,2.855736221271776287e-03,-1.287631753958446268e+01,9.872393569933482382e+00,8.036409856902615445e-02
-9.954978311643230882e+00,-1.478650090698835795e+00,1.988065023930563058e-03,-1.076171371639169472e+01,1.032232947082293251e+01,6.972661855754580529e-02
-7.994736777480392576e+00,-1.057066277903471851e+00,1.275507132287856393e-03,-8.627437977797578483e+00,1.069864081927810773e+01,5.978104883349111276e-02
-6.013793062589210869e+00,-7.059236289381781715e-01,7.192421152084627067e-04,-6.477560925308161188e+00,1.100909714671778517e+01,5.054276518102440718e-02
-4.017472283615220796e+00,-4.177078773006475121e-01,3.204495415585206786e-04,-4.316153160429712088e+00,1.126146798456153242e+01,4.202714338431245977e-02
-2.011099557203697152e+00,-1.849047564887050521e-01,8.030898019972809720e-05,-2.147285284668587479e+00,1.146352286422816746e+01,3.424955922752070947e-02
-2.198022394429038305e-14,-8.792089577716153219e-14,0.000000000000000000e+00,2.497210046905586067e-02,1.162303131713690796e+01,2.722538849481281886e-02
